,timestamp,open,high,low,close,volume
0,2024-12-26 09:00:00,600.5,599.77,599.77,599.96,11760.0
1,2024-12-26 09:01:00,600.03,600.0,600.0,600.04,2191.0
2,2024-12-26 09:02:00,599.86,599.86,599.86,599.9,992.0
3,2024-12-26 09:04:00,599.74,599.74,599.74,599.74,521.0
4,2024-12-26 09:05:00,599.65,599.65,599.65,599.65,761.0
5,2024-12-26 09:06:00,599.64,599.64,599.64,599.93,2111.0
6,2024-12-26 09:07:00,599.89,599.89,599.89,599.89,1440.0
7,2024-12-26 09:08:00,599.92,599.92,599.92,599.92,302.0
8,2024-12-26 09:09:00,599.91,599.91,599.91,599.91,384.0
9,2024-12-26 09:11:00,599.84,599.84,599.84,599.84,372.0
10,2024-12-26 09:13:00,599.54,599.5,599.5,599.5,552.0
11,2024-12-26 09:14:00,599.42,599.41,599.41,599.47,11107.0
12,2024-12-26 09:15:00,599.44,599.44,599.44,599.58,606.0
13,2024-12-26 09:16:00,599.61,599.6,599.6,599.66,1307.0
14,2024-12-26 09:17:00,599.52,599.52,599.52,599.52,474.0
15,2024-12-26 09:18:00,599.5,599.5,599.5,599.5,233.0
16,2024-12-26 09:20:00,599.36,599.36,599.36,599.36,596.0
17,2024-12-26 09:23:00,599.53,599.53,599.53,599.53,143.0
18,2024-12-26 09:25:00,599.4,599.4,599.4,599.4,2572.0
19,2024-12-26 09:26:00,599.6,599.6,599.6,599.6,1096.0
20,2024-12-26 09:27:00,599.5,599.5,599.5,599.5,494.0
21,2024-12-26 09:30:00,599.59,599.56,599.56,599.69,1081.0
22,2024-12-26 09:31:00,599.82,599.82,599.82,599.82,256.0
23,2024-12-26 09:32:00,599.9,599.9,599.9,599.9,436.0
24,2024-12-26 09:33:00,599.9,599.75,599.75,599.75,789.0
25,2024-12-26 09:34:00,599.76,599.76,599.76,599.81,368.0
26,2024-12-26 09:35:00,599.87,599.87,599.87,599.87,266.0
27,2024-12-26 09:36:00,599.77,599.77,599.77,599.77,351.0
28,2024-12-26 09:37:00,599.7,599.7,599.7,599.7,194.0
29,2024-12-26 09:38:00,599.79,599.79,599.79,599.79,331.0
30,2024-12-26 09:39:00,599.87,599.81,599.81,599.81,339.0
31,2024-12-26 09:40:00,599.84,599.84,599.84,599.84,117.0
32,2024-12-26 09:41:00,599.75,599.75,599.75,599.75,303.0
33,2024-12-26 09:50:00,599.6,599.6,599.6,599.6,436.0
34,2024-12-26 09:51:00,599.5,599.5,599.5,599.5,825.0
35,2024-12-26 09:53:00,599.21,599.17,599.17,599.17,633.0
36,2024-12-26 09:54:00,599.17,599.0,599.0,599.0,1729.0
37,2024-12-26 09:55:00,599.1,599.1,599.1,599.1,1536.0
38,2024-12-26 09:56:00,599.15,599.15,599.15,599.15,104.0
39,2024-12-26 09:57:00,599.25,599.25,599.25,599.25,490.0
40,2024-12-26 09:59:00,599.18,599.18,599.18,599.18,227.0
41,2024-12-26 10:01:00,598.93,598.93,598.93,598.93,836.0
42,2024-12-26 10:02:00,598.86,598.85,598.85,598.85,628.0
43,2024-12-26 10:03:00,598.57,598.57,598.57,598.64,1339.0
44,2024-12-26 10:04:00,598.69,598.57,598.57,598.57,1336.0
45,2024-12-26 10:06:00,598.54,598.54,598.54,598.54,403.0
46,2024-12-26 10:07:00,598.67,598.67,598.67,598.67,225.0
47,2024-12-26 10:08:00,598.59,598.59,598.59,598.59,266.0
48,2024-12-26 10:10:00,598.65,598.65,598.65,598.65,210.0
49,2024-12-26 10:11:00,598.67,598.67,598.67,598.67,241.0
50,2024-12-26 10:13:00,598.59,598.59,598.59,598.6,472.0
51,2024-12-26 10:15:00,598.73,598.65,598.65,598.65,798.0
52,2024-12-26 10:17:00,598.85,598.85,598.85,598.85,309.0
53,2024-12-26 10:18:00,598.85,598.85,598.85,598.85,405.0
54,2024-12-26 10:20:00,598.88,598.88,598.88,598.88,317.0
55,2024-12-26 10:22:00,598.79,598.79,598.79,598.8,893.0
56,2024-12-26 10:24:00,598.68,598.68,598.68,598.68,354.0
57,2024-12-26 10:32:00,598.77,598.77,598.77,598.77,327.0
58,2024-12-26 10:36:00,598.94,598.94,598.94,598.94,175.0
59,2024-12-26 10:37:00,598.97,598.97,598.97,598.97,211.0
60,2024-12-26 10:38:00,598.97,598.97,598.97,598.97,423.0
61,2024-12-26 10:39:00,598.97,598.97,598.97,598.97,852.0
62,2024-12-26 10:44:00,598.95,598.95,598.95,598.95,3145.0
63,2024-12-26 10:45:00,598.91,598.91,598.91,598.91,135.0
64,2024-12-26 10:46:00,599.0,599.0,599.0,599.05,732.0
65,2024-12-26 10:50:00,598.79,598.76,598.76,598.8,2008.0
66,2024-12-26 10:53:00,598.79,598.79,598.79,598.79,2065.0
67,2024-12-26 10:59:00,598.95,598.95,598.95,598.95,566.0
68,2024-12-26 11:00:00,598.72,598.62,598.62,598.62,629.0
69,2024-12-26 11:02:00,598.8,598.8,598.8,598.81,998.0
70,2024-12-26 11:07:00,598.78,598.76,598.76,598.76,242.0
71,2024-12-26 11:09:00,598.71,598.65,598.65,598.65,706.0
72,2024-12-26 11:10:00,598.74,598.74,598.74,598.74,152.0
73,2024-12-26 11:11:00,598.75,598.75,598.75,598.75,231.0
74,2024-12-26 11:13:00,598.6,598.6,598.6,598.6,1645.0
75,2024-12-26 11:15:00,598.35,598.35,598.35,598.38,375.0
76,2024-12-26 11:16:00,598.37,598.36,598.36,598.36,403.0
77,2024-12-26 11:18:00,598.39,598.39,598.39,598.4,1554.0
78,2024-12-26 11:21:00,598.38,598.38,598.38,598.41,534.0
79,2024-12-26 11:22:00,598.69,598.69,598.69,598.69,224.0
80,2024-12-26 11:24:00,598.64,598.64,598.64,598.64,136.0
81,2024-12-26 11:25:00,598.87,598.87,598.87,598.87,162.0
82,2024-12-26 11:27:00,598.87,598.85,598.85,598.85,294.0
83,2024-12-26 11:28:00,598.84,598.84,598.84,598.84,103.0
84,2024-12-26 11:30:00,598.99,598.99,598.99,598.99,120.0
85,2024-12-26 11:31:00,599.08,599.03,599.03,599.04,1936.0
86,2024-12-26 11:33:00,599.0,599.0,599.0,599.1,1765.0
87,2024-12-26 11:36:00,599.1,599.1,599.1,599.1,381.0
88,2024-12-26 11:38:00,599.14,599.14,599.14,599.14,281.0
89,2024-12-26 11:41:00,599.1,599.1,599.1,599.1,434.0
90,2024-12-26 11:45:00,599.04,599.03,599.03,599.03,572.0
91,2024-12-26 11:47:00,599.09,599.09,599.09,599.09,388.0
92,2024-12-26 11:49:00,599.01,598.96,598.96,598.96,279.0
93,2024-12-26 11:53:00,599.09,599.09,599.09,599.09,474.0
94,2024-12-26 11:54:00,599.18,599.18,599.18,599.18,531.0
95,2024-12-26 11:55:00,599.21,599.21,599.21,599.21,181.0
96,2024-12-26 11:58:00,599.18,599.18,599.18,599.18,312.0
97,2024-12-26 11:59:00,599.21,599.21,599.21,599.21,148.0
98,2024-12-26 12:00:00,599.19,599.16,599.16,599.34,4215.0
99,2024-12-26 12:01:00,599.36,599.34,599.34,599.38,2732.0
100,2024-12-26 12:02:00,599.37,599.37,599.37,599.37,627.0
101,2024-12-26 12:03:00,599.3,599.3,599.3,599.44,1139.0
102,2024-12-26 12:04:00,599.45,599.26,599.26,599.35,6399.0
103,2024-12-26 12:05:00,599.35,599.3,599.3,599.36,2112.0
104,2024-12-26 12:06:00,599.35,599.3,599.3,599.35,1677.0
105,2024-12-26 12:07:00,599.34,599.34,599.34,599.35,829.0
106,2024-12-26 12:08:00,599.31,599.31,599.31,599.31,944.0
107,2024-12-26 12:09:00,599.29,599.29,599.29,599.31,1203.0
108,2024-12-26 12:10:00,599.26,599.16,599.16,599.16,2534.0
109,2024-12-26 12:13:00,599.31,599.31,599.31,599.31,196.0
110,2024-12-26 12:14:00,599.27,599.19,599.19,599.2,696.0
111,2024-12-26 12:15:00,599.19,599.19,599.19,599.19,672.0
112,2024-12-26 12:16:00,599.16,599.15,599.15,599.18,1246.0
113,2024-12-26 12:17:00,599.2,599.2,599.2,599.2,320.0
114,2024-12-26 12:18:00,599.35,599.35,599.35,599.35,326.0
115,2024-12-26 12:19:00,599.37,599.37,599.37,599.37,332.0
116,2024-12-26 12:20:00,599.4,599.4,599.4,599.4,262.0
117,2024-12-26 12:21:00,599.39,599.39,599.39,599.4,472.0
118,2024-12-26 12:22:00,599.3,599.3,599.3,599.3,584.0
119,2024-12-26 12:25:00,599.12,599.12,599.12,599.18,345.0
120,2024-12-26 12:26:00,599.25,599.2,599.2,599.2,2659.0
121,2024-12-26 12:27:00,599.27,599.27,599.27,599.27,354.0
122,2024-12-26 12:28:00,599.32,599.32,599.32,599.32,145.0
123,2024-12-26 12:29:00,599.38,599.38,599.38,599.48,4142.0
124,2024-12-26 12:30:00,599.35,599.35,599.35,599.35,1141.0
125,2024-12-26 12:31:00,599.301,599.301,599.301,599.301,420.0
126,2024-12-26 12:32:00,599.301,599.301,599.301,599.301,118.0
127,2024-12-26 12:33:00,599.28,599.25,599.25,599.25,484.0
128,2024-12-26 12:34:00,599.28,599.28,599.28,599.28,335.0
129,2024-12-26 12:35:00,599.3,599.3,599.3,599.34,1327.0
130,2024-12-26 12:36:00,599.27,599.27,599.27,599.27,328.0
131,2024-12-26 12:40:00,599.15,599.08,599.08,599.08,1698.0
132,2024-12-26 12:41:00,599.139,599.139,599.139,599.139,898.0
133,2024-12-26 12:43:00,599.0,599.0,599.0,599.09,1523.0
134,2024-12-26 12:44:00,599.16,599.11,599.11,599.16,3277.0
135,2024-12-26 12:45:00,599.11,599.03,599.03,599.03,416.0
136,2024-12-26 12:47:00,599.16,599.16,599.16,599.16,414.0
137,2024-12-26 12:48:00,599.25,599.25,599.25,599.25,195.0
138,2024-12-26 12:50:00,599.33,599.33,599.33,599.33,358.0
139,2024-12-26 12:51:00,599.32,599.29,599.29,599.29,2097.0
140,2024-12-26 12:52:00,599.36,599.36,599.36,599.4,422.0
141,2024-12-26 12:54:00,599.4,599.4,599.4,599.4,391.0
142,2024-12-26 12:55:00,599.41,599.41,599.41,599.41,1039.0
143,2024-12-26 12:56:00,599.34,599.34,599.34,599.34,366.0
144,2024-12-26 12:57:00,599.45,599.45,599.45,599.45,1129.0
145,2024-12-26 12:59:00,599.33,599.33,599.33,599.33,317.0
146,2024-12-26 13:00:00,599.39,598.8096,598.8096,599.31,37093.0
147,2024-12-26 13:02:00,599.3,599.26,599.26,599.26,851.0
148,2024-12-26 13:03:00,599.29,599.29,599.29,599.29,513.0
149,2024-12-26 13:04:00,599.2795,599.2795,599.2795,599.2795,521.0
150,2024-12-26 13:05:00,599.3,599.25,599.25,599.25,542.0
151,2024-12-26 13:06:00,599.2,599.2,599.2,599.33,2700.0
152,2024-12-26 13:07:00,599.39,599.39,599.39,599.39,241.0
153,2024-12-26 13:12:00,599.36,599.36,599.36,599.41,625.0
154,2024-12-26 13:13:00,599.41,599.41,599.41,599.41,601.0
155,2024-12-26 13:14:00,599.41,599.41,599.41,599.45,2991.0
156,2024-12-26 13:15:00,599.46,599.0,599.0,599.33,13458.0
157,2024-12-26 13:16:00,599.43,599.43,599.43,599.45,841.0
158,2024-12-26 13:17:00,599.4999,599.48,599.48,599.52,1354.0
159,2024-12-26 13:18:00,599.47,599.46,599.46,599.46,1530.0
160,2024-12-26 13:19:00,599.43,599.43,599.43,599.43,570.0
161,2024-12-26 13:20:00,599.42,599.42,599.42,599.49,17979.0
162,2024-12-26 13:21:00,599.5,599.45,599.45,599.45,8527.0
163,2024-12-26 13:22:00,599.39,599.39,599.39,599.43,670.0
164,2024-12-26 13:24:00,599.39,599.39,599.39,599.41,912.0
165,2024-12-26 13:25:00,599.33,599.33,599.33,599.33,10907.0
166,2024-12-26 13:26:00,599.4,599.4,599.4,599.4,562.0
167,2024-12-26 13:27:00,599.4,599.35,599.35,599.35,700.0
168,2024-12-26 13:28:00,599.35,599.29,599.29,599.36,5314.0
169,2024-12-26 13:29:00,599.29,599.26,599.26,599.3,6106.0
170,2024-12-26 13:30:00,599.32,598.87,598.87,599.41,14607.0
171,2024-12-26 13:31:00,599.2,599.17,599.17,599.17,754.0
172,2024-12-26 13:32:00,599.26,599.18,599.18,599.19,1041.0
173,2024-12-26 13:33:00,599.2,599.19,599.19,599.19,1497.0
174,2024-12-26 13:34:00,599.25,599.2,599.2,599.3,1002.0
175,2024-12-26 13:36:00,599.4,599.4,599.4,599.4,526.0
176,2024-12-26 13:37:00,599.45,599.45,599.45,599.46,585.0
177,2024-12-26 13:38:00,599.27,599.27,599.27,599.27,1042.0
178,2024-12-26 13:39:00,599.3,599.19,599.19,599.31,1912.0
179,2024-12-26 13:40:00,599.33,599.33,599.33,599.39,2082.0
180,2024-12-26 13:41:00,599.2,598.959,598.959,598.959,16288.0
181,2024-12-26 13:42:00,598.88,598.71,598.71,598.71,6508.0
182,2024-12-26 13:43:00,598.71,598.69,598.69,599.02,7684.0
183,2024-12-26 13:44:00,599.01,599.0,599.0,599.04,3915.0
184,2024-12-26 13:45:00,599.02,598.98,598.98,599.01,2214.0
185,2024-12-26 13:46:00,598.95,598.93,598.93,598.96,2540.0
186,2024-12-26 13:47:00,598.909,598.8,598.8,598.81,5716.0
187,2024-12-26 13:48:00,598.81,598.76,598.76,599.04,5309.0
188,2024-12-26 13:49:00,599.0,599.0,599.0,599.1,3825.0
189,2024-12-26 13:50:00,599.04,599.0,599.0,599.0,2046.0
190,2024-12-26 13:51:00,599.0,598.95,598.95,598.99,1303.0
191,2024-12-26 13:52:00,598.99,598.91,598.91,598.97,2097.0
192,2024-12-26 13:53:00,599.0,599.0,599.0,599.21,2348.0
193,2024-12-26 13:54:00,599.24,599.17,599.17,599.17,4057.0
194,2024-12-26 13:55:00,599.12,599.01,599.01,599.05,2135.0
195,2024-12-26 13:56:00,599.05,599.0,599.0,599.15,1733.0
196,2024-12-26 13:57:00,599.14,599.11,599.11,599.19,1796.0
197,2024-12-26 13:58:00,599.15,599.09,599.09,599.14,1914.0
198,2024-12-26 13:59:00,599.16,599.13,599.13,599.13,821.0
199,2024-12-26 14:00:00,599.12,599.0,599.0,599.0,2853.0
200,2024-12-26 14:01:00,599.12,599.12,599.12,599.26,1185.0
201,2024-12-26 14:02:00,599.28,599.25,599.25,599.25,669.0
202,2024-12-26 14:03:00,599.3,599.3,599.3,599.33,2158.0
203,2024-12-26 14:04:00,599.35,599.21,599.21,599.27,1568.0
204,2024-12-26 14:05:00,599.17,599.1436,599.1436,599.1436,490.0
205,2024-12-26 14:06:00,599.24,599.24,599.24,599.24,474.0
206,2024-12-26 14:07:00,599.33,599.33,599.33,599.34,2844.0
207,2024-12-26 14:08:00,599.32,599.27,599.27,599.3,2326.0
208,2024-12-26 14:10:00,599.31,599.31,599.31,599.35,2030.0
209,2024-12-26 14:11:00,599.31,599.29,599.29,599.31,1896.0
210,2024-12-26 14:12:00,599.31,599.23,599.23,599.23,7163.0
211,2024-12-26 14:13:00,599.2,599.1,599.1,599.1,1828.0
212,2024-12-26 14:14:00,599.08,599.05,599.05,599.11,1912.0
213,2024-12-26 14:15:00,599.1,599.1,599.1,599.219,7240.0
214,2024-12-26 14:16:00,599.16,599.16,599.16,599.27,17827.0
215,2024-12-26 14:17:00,599.27,599.15,599.15,599.24,8573.0
216,2024-12-26 14:18:00,599.23,599.14,599.14,599.14,9402.0
217,2024-12-26 14:19:00,599.19,599.12,599.12,599.17,14410.0
218,2024-12-26 14:20:00,599.17,599.05,599.05,599.1,14753.0
219,2024-12-26 14:21:00,599.0,598.97,598.97,599.0,6225.0
220,2024-12-26 14:22:00,599.02,598.97,598.97,599.1,3882.0
221,2024-12-26 14:23:00,599.2,599.12,599.12,599.12,2474.0
222,2024-12-26 14:24:00,599.14,599.14,599.14,599.26,3142.0
223,2024-12-26 14:25:00,599.25,599.25,599.25,599.37,12668.0
224,2024-12-26 14:26:00,599.36,599.2,599.2,599.2,6785.0
225,2024-12-26 14:27:00,599.27,599.25,599.25,599.3,12546.0
226,2024-12-26 14:28:00,599.3,599.28,599.28,599.37,9221.0
227,2024-12-26 14:29:00,599.4,599.37,599.37,599.46,19304.0
228,2024-12-26 14:30:00,599.5,599.41,599.41,599.88,362667.0
229,2024-12-26 14:31:00,599.875,599.5199,599.5199,599.89,118658.0
230,2024-12-26 14:32:00,599.96,599.72,599.72,599.7895,154041.0
231,2024-12-26 14:33:00,599.78,599.52,599.52,599.76,166364.0
232,2024-12-26 14:34:00,599.76,599.75,599.75,599.91,122442.0
233,2024-12-26 14:35:00,599.93,599.5568,599.5568,599.67,143155.0
234,2024-12-26 14:36:00,599.66,599.55,599.55,599.87,82295.0
235,2024-12-26 14:37:00,599.87,599.85,599.85,600.03,82760.0
236,2024-12-26 14:38:00,600.0,599.895,599.895,600.26,86449.0
237,2024-12-26 14:39:00,600.25,599.86,599.86,599.8891,114714.0
238,2024-12-26 14:40:00,599.86,599.86,599.86,600.0,87555.0
239,2024-12-26 14:41:00,599.99,599.86,599.86,599.9999,64332.0
240,2024-12-26 14:42:00,599.98,599.77,599.77,599.91,90217.0
241,2024-12-26 14:43:00,599.92,599.72,599.72,599.8174,82524.0
242,2024-12-26 14:44:00,599.78,599.671,599.671,599.8659,49679.0
243,2024-12-26 14:45:00,599.87,599.765,599.765,599.81,64435.0
244,2024-12-26 14:46:00,599.83,599.78,599.78,600.05,62803.0
245,2024-12-26 14:47:00,600.05,599.865,599.865,600.12,28076.0
246,2024-12-26 14:48:00,600.12,599.97,599.97,599.97,52796.0
247,2024-12-26 14:49:00,599.95,599.7,599.7,599.76,48409.0
248,2024-12-26 14:50:00,599.78,599.3123,599.3123,599.5001,148048.0
249,2024-12-26 14:51:00,599.5,599.46,599.46,599.66,53740.0
250,2024-12-26 14:52:00,599.665,599.14,599.14,599.1882,104091.0
251,2024-12-26 14:53:00,599.21,598.1501,598.1501,598.23,132720.0
252,2024-12-26 14:54:00,598.24,598.0825,598.0825,598.38,110912.0
253,2024-12-26 14:55:00,598.39,598.39,598.39,598.6532,142734.0
254,2024-12-26 14:56:00,598.7,598.7,598.7,599.05,63857.0
255,2024-12-26 14:57:00,599.09,599.021,599.021,599.48,85688.0
256,2024-12-26 14:58:00,599.49,599.2415,599.2415,599.41,55758.0
257,2024-12-26 14:59:00,599.42,599.41,599.41,599.9,130200.0
258,2024-12-26 15:00:00,599.92,599.81,599.81,600.02,108682.0
259,2024-12-26 15:01:00,600.0,599.94,599.94,600.06,69295.0
260,2024-12-26 15:02:00,600.0,599.95,599.95,600.1099,66816.0
261,2024-12-26 15:03:00,600.08,599.99,599.99,600.11,88018.0
262,2024-12-26 15:04:00,600.15,600.04,600.04,600.16,112673.0
263,2024-12-26 15:05:00,600.1501,600.043,600.043,600.11,81801.0
264,2024-12-26 15:06:00,600.11,599.85,599.85,599.91,79274.0
265,2024-12-26 15:07:00,599.91,599.91,599.91,600.02,155590.0
266,2024-12-26 15:08:00,600.02,599.77,599.77,599.92,99051.0
267,2024-12-26 15:09:00,599.91,599.47,599.47,599.5299,58244.0
268,2024-12-26 15:10:00,599.51,599.51,599.51,599.53,70888.0
269,2024-12-26 15:11:00,599.54,599.485,599.485,599.67,60945.0
270,2024-12-26 15:12:00,599.69,599.6,599.6,599.69,35301.0
271,2024-12-26 15:13:00,599.68,599.56,599.56,599.77,33973.0
272,2024-12-26 15:14:00,599.77,599.55,599.55,599.77,37530.0
273,2024-12-26 15:15:00,599.77,599.64,599.64,599.7,33611.0
274,2024-12-26 15:16:00,599.69,599.49,599.49,599.54,22434.0
275,2024-12-26 15:17:00,599.55,599.41,599.41,599.57,67694.0
276,2024-12-26 15:18:00,599.535,599.44,599.44,599.5,26677.0
277,2024-12-26 15:19:00,599.51,599.44,599.44,599.49,35097.0
278,2024-12-26 15:20:00,599.495,599.41,599.41,599.5322,47698.0
279,2024-12-26 15:21:00,599.53,599.47,599.47,599.79,40156.0
280,2024-12-26 15:22:00,599.77,599.745,599.745,600.1,75222.0
281,2024-12-26 15:23:00,600.08,600.0,600.0,600.08,67134.0
282,2024-12-26 15:24:00,600.06,599.95,599.95,600.18,83210.0
283,2024-12-26 15:25:00,600.17,600.03,600.03,600.19,81148.0
284,2024-12-26 15:26:00,600.2,600.18,600.18,600.28,63389.0
285,2024-12-26 15:27:00,600.28,600.24,600.24,600.3,56570.0
286,2024-12-26 15:28:00,600.3,600.01,600.01,600.08,256548.0
287,2024-12-26 15:29:00,600.09,600.09,600.09,600.29,39351.0
288,2024-12-26 15:30:00,600.285,600.26,600.26,600.33,38140.0
289,2024-12-26 15:31:00,600.33,600.2401,600.2401,600.37,36683.0
290,2024-12-26 15:32:00,600.37,600.3538,600.3538,600.405,71099.0
291,2024-12-26 15:33:00,600.44,600.37,600.37,600.37,36950.0
292,2024-12-26 15:34:00,600.37,600.34,600.34,600.37,75838.0
293,2024-12-26 15:35:00,600.3754,600.17,600.17,600.245,49751.0
294,2024-12-26 15:36:00,600.23,600.22,600.22,600.36,30576.0
295,2024-12-26 15:37:00,600.37,600.35,600.35,600.41,126934.0
296,2024-12-26 15:38:00,600.41,600.385,600.385,600.415,45816.0
297,2024-12-26 15:39:00,600.41,600.24,600.24,600.3,46733.0
298,2024-12-26 15:40:00,600.295,600.21,600.21,600.21,38517.0
299,2024-12-26 15:41:00,600.21,599.89,599.89,599.92,77216.0
300,2024-12-26 15:42:00,599.9098,599.79,599.79,600.04,43906.0
301,2024-12-26 15:43:00,600.04,600.04,600.04,600.1246,31215.0
302,2024-12-26 15:44:00,600.13,599.97,599.97,599.97,70238.0
303,2024-12-26 15:45:00,599.95,599.85,599.85,600.16,61890.0
304,2024-12-26 15:46:00,600.15,600.07,600.07,600.2,43944.0
305,2024-12-26 15:47:00,600.235,600.235,600.235,600.435,38509.0
306,2024-12-26 15:48:00,600.435,600.35,600.35,600.39,60486.0
307,2024-12-26 15:49:00,600.4,600.36,600.36,600.43,42063.0
308,2024-12-26 15:50:00,600.42,600.3812,600.3812,600.465,82472.0
309,2024-12-26 15:51:00,600.46,600.365,600.365,600.51,163501.0
310,2024-12-26 15:52:00,600.51,600.5,600.5,600.5801,72721.0
311,2024-12-26 15:53:00,600.59,600.53,600.53,600.63,20379.0
312,2024-12-26 15:54:00,600.63,600.545,600.545,600.56,19595.0
313,2024-12-26 15:55:00,600.57,600.39,600.39,600.4,34146.0
314,2024-12-26 15:56:00,600.42,600.42,600.42,600.6,27680.0
315,2024-12-26 15:57:00,600.6,600.59,600.59,600.719,31789.0
316,2024-12-26 15:58:00,600.71,600.69,600.69,600.886,38307.0
317,2024-12-26 15:59:00,600.87,600.83,600.83,600.88,52021.0
318,2024-12-26 16:00:00,600.89,600.68,600.68,600.6866,43799.0
319,2024-12-26 16:01:00,600.68,600.61,600.61,600.87,53739.0
320,2024-12-26 16:02:00,600.85,600.85,600.85,600.985,45771.0
321,2024-12-26 16:03:00,600.985,600.87,600.87,600.9008,30471.0
322,2024-12-26 16:04:00,600.9099,600.9099,600.9099,600.9601,24427.0
323,2024-12-26 16:05:00,600.96,600.9268,600.9268,600.98,22205.0
324,2024-12-26 16:06:00,600.96,600.82,600.82,600.82,33759.0
325,2024-12-26 16:07:00,600.84,600.82,600.82,600.9599,22672.0
326,2024-12-26 16:08:00,600.96,600.9001,600.9001,600.94,16209.0
327,2024-12-26 16:09:00,600.9401,600.91,600.91,600.93,20908.0
328,2024-12-26 16:10:00,600.92,600.92,600.92,601.0399,56245.0
329,2024-12-26 16:11:00,601.03,601.0,601.0,601.0,68006.0
330,2024-12-26 16:12:00,601.0,601.0,601.0,601.0701,63932.0
331,2024-12-26 16:13:00,601.08,601.05,601.05,601.15,40248.0
332,2024-12-26 16:14:00,601.16,601.1002,601.1002,601.12,27889.0
333,2024-12-26 16:15:00,601.13,601.13,601.13,601.2,31843.0
334,2024-12-26 16:16:00,601.19,601.17,601.17,601.2101,32675.0
335,2024-12-26 16:17:00,601.23,601.17,601.17,601.24,28706.0
336,2024-12-26 16:18:00,601.23,601.11,601.11,601.2416,50512.0
337,2024-12-26 16:19:00,601.24,601.2001,601.2001,601.259,17502.0
338,2024-12-26 16:20:00,601.2499,601.21,601.21,601.23,73704.0
339,2024-12-26 16:21:00,601.22,600.98,600.98,601.04,75068.0
340,2024-12-26 16:22:00,601.04,601.01,601.01,601.1399,41430.0
341,2024-12-26 16:23:00,601.13,601.12,601.12,601.135,151941.0
342,2024-12-26 16:24:00,601.13,600.7901,600.7901,600.7901,57003.0
343,2024-12-26 16:25:00,600.81,600.62,600.62,600.705,65724.0
344,2024-12-26 16:26:00,600.7,600.53,600.53,600.65,181794.0
345,2024-12-26 16:27:00,600.65,600.62,600.62,600.67,31545.0
346,2024-12-26 16:28:00,600.68,600.56,600.56,600.57,22389.0
347,2024-12-26 16:29:00,600.56,600.56,600.56,600.83,32456.0
348,2024-12-26 16:30:00,600.84,600.8,600.8,601.1001,59666.0
349,2024-12-26 16:31:00,601.11,601.11,601.11,601.2,25813.0
350,2024-12-26 16:32:00,601.1779,601.1402,601.1402,601.165,36868.0
351,2024-12-26 16:33:00,601.17,601.11,601.11,601.14,30513.0
352,2024-12-26 16:34:00,601.11,601.04,601.04,601.13,27003.0
353,2024-12-26 16:35:00,601.13,601.0901,601.0901,601.18,20698.0
354,2024-12-26 16:36:00,601.17,601.15,601.15,601.21,12392.0
355,2024-12-26 16:37:00,601.21,601.2,601.2,601.235,18514.0
356,2024-12-26 16:38:00,601.24,601.14,601.14,601.145,40334.0
357,2024-12-26 16:39:00,601.1308,601.1308,601.1308,601.245,18090.0
358,2024-12-26 16:40:00,601.24,601.2,601.2,601.41,136145.0
359,2024-12-26 16:41:00,601.41,601.35,601.35,601.5165,31658.0
360,2024-12-26 16:42:00,601.5,601.475,601.475,601.6671,176082.0
361,2024-12-26 16:43:00,601.67,601.67,601.67,601.75,44572.0
362,2024-12-26 16:44:00,601.73,601.72,601.72,601.75,59113.0
363,2024-12-26 16:45:00,601.7604,601.61,601.61,601.74,60626.0
364,2024-12-26 16:46:00,601.73,601.69,601.69,601.75,22334.0
365,2024-12-26 16:47:00,601.74,601.73,601.73,601.79,15312.0
366,2024-12-26 16:48:00,601.77,601.6622,601.6622,601.82,44911.0
367,2024-12-26 16:49:00,601.81,601.79,601.79,601.859,22186.0
368,2024-12-26 16:50:00,601.85,601.69,601.69,601.7,25077.0
369,2024-12-26 16:51:00,601.71,601.51,601.51,601.78,52496.0
370,2024-12-26 16:52:00,601.76,601.64,601.64,601.67,61190.0
371,2024-12-26 16:53:00,601.65,601.56,601.56,601.62,52017.0
372,2024-12-26 16:54:00,601.61,601.56,601.56,601.62,61591.0
373,2024-12-26 16:55:00,601.61,601.61,601.61,601.81,66690.0
374,2024-12-26 16:56:00,601.81,601.71,601.71,601.75,47828.0
375,2024-12-26 16:57:00,601.745,601.745,601.745,601.84,19617.0
376,2024-12-26 16:58:00,601.84,601.7742,601.7742,601.81,178592.0
377,2024-12-26 16:59:00,601.82,601.75,601.75,601.81,18308.0
378,2024-12-26 17:00:00,601.84,601.74,601.74,601.74,18580.0
379,2024-12-26 17:01:00,601.76,601.74,601.74,601.8299,25625.0
380,2024-12-26 17:02:00,601.82,601.82,601.82,601.88,136705.0
381,2024-12-26 17:03:00,601.875,601.84,601.84,601.87,13968.0
382,2024-12-26 17:04:00,601.86,601.85,601.85,601.8723,15039.0
383,2024-12-26 17:05:00,601.87,601.81,601.81,601.8599,20273.0
384,2024-12-26 17:06:00,601.86,601.86,601.86,601.9,22002.0
385,2024-12-26 17:07:00,601.89,601.875,601.875,601.94,28911.0
386,2024-12-26 17:08:00,601.93,601.86,601.86,601.87,25401.0
387,2024-12-26 17:09:00,601.86,601.82,601.82,601.84,12724.0
388,2024-12-26 17:10:00,601.84,601.84,601.84,602.03,35356.0
389,2024-12-26 17:11:00,602.03,601.93,601.93,601.98,19857.0
390,2024-12-26 17:12:00,601.9999,601.98,601.98,602.02,23903.0
391,2024-12-26 17:13:00,602.02,602.01,602.01,602.07,45508.0
392,2024-12-26 17:14:00,602.065,602.06,602.06,602.06,21450.0
393,2024-12-26 17:15:00,602.07,602.05,602.05,602.19,23337.0
394,2024-12-26 17:16:00,602.18,602.1,602.1,602.12,26763.0
395,2024-12-26 17:17:00,602.1199,602.11,602.11,602.3,48916.0
396,2024-12-26 17:18:00,602.3,602.28,602.28,602.29,57305.0
397,2024-12-26 17:19:00,602.29,602.29,602.29,602.35,371162.0
398,2024-12-26 17:20:00,602.3599,602.1194,602.1194,602.13,61169.0
399,2024-12-26 17:21:00,602.14,602.14,602.14,602.1899,19315.0
400,2024-12-26 17:22:00,602.18,602.0931,602.0931,602.1195,15278.0
401,2024-12-26 17:23:00,602.11,602.01,602.01,602.03,24799.0
402,2024-12-26 17:24:00,602.03,602.02,602.02,602.0802,19507.0
403,2024-12-26 17:25:00,602.07,601.85,601.85,601.9,30621.0
404,2024-12-26 17:26:00,601.8999,601.81,601.81,601.8867,32225.0
405,2024-12-26 17:27:00,601.86,601.66,601.66,601.6947,38243.0
406,2024-12-26 17:28:00,601.68,601.51,601.51,601.63,35707.0
407,2024-12-26 17:29:00,601.62,601.4825,601.4825,601.51,19170.0
408,2024-12-26 17:30:00,601.51,601.48,601.48,601.55,34904.0
409,2024-12-26 17:31:00,601.55,601.42,601.42,601.52,26981.0
410,2024-12-26 17:32:00,601.53,601.53,601.53,601.63,21597.0
411,2024-12-26 17:33:00,601.62,601.56,601.56,601.85,55812.0
412,2024-12-26 17:34:00,601.84,601.82,601.82,602.01,72365.0
413,2024-12-26 17:35:00,602.01,601.8,601.8,601.805,37530.0
414,2024-12-26 17:36:00,601.79,601.75,601.75,601.88,163585.0
415,2024-12-26 17:37:00,601.87,601.83,601.83,601.86,21652.0
416,2024-12-26 17:38:00,601.85,601.56,601.56,601.57,29002.0
417,2024-12-26 17:39:00,601.57,601.48,601.48,601.6099,45438.0
418,2024-12-26 17:40:00,601.61,601.47,601.47,601.535,20371.0
419,2024-12-26 17:41:00,601.54,601.5108,601.5108,601.64,19537.0
420,2024-12-26 17:42:00,601.64,601.49,601.49,601.57,16068.0
421,2024-12-26 17:43:00,601.55,601.5495,601.5495,601.5495,17967.0
422,2024-12-26 17:44:00,601.55,601.55,601.55,601.59,29804.0
423,2024-12-26 17:45:00,601.625,601.59,601.59,601.59,18577.0
424,2024-12-26 17:46:00,601.57,601.26,601.26,601.28,367128.0
425,2024-12-26 17:47:00,601.29,600.76,600.76,600.76,97485.0
426,2024-12-26 17:48:00,600.79,600.35,600.35,600.71,96913.0
427,2024-12-26 17:49:00,600.71,600.64,600.64,600.87,73112.0
428,2024-12-26 17:50:00,600.865,600.492,600.492,600.6499,54856.0
429,2024-12-26 17:51:00,600.635,600.48,600.48,600.55,25962.0
430,2024-12-26 17:52:00,600.56,600.56,600.56,600.77,308766.0
431,2024-12-26 17:53:00,600.75,600.73,600.73,600.9495,59817.0
432,2024-12-26 17:54:00,600.915,600.9,600.9,601.13,50440.0
433,2024-12-26 17:55:00,601.13,601.13,601.13,601.24,36180.0
434,2024-12-26 17:56:00,601.25,600.95,600.95,600.975,25616.0
435,2024-12-26 17:57:00,600.965,600.76,600.76,600.77,31626.0
436,2024-12-26 17:58:00,600.7799,600.62,600.62,600.88,27799.0
437,2024-12-26 17:59:00,600.85,600.83,600.83,600.99,24054.0
438,2024-12-26 18:00:00,600.9596,600.89,600.89,600.96,22605.0
439,2024-12-26 18:01:00,600.97,600.97,600.97,601.04,24720.0
440,2024-12-26 18:02:00,601.03,601.03,601.03,601.31,35469.0
441,2024-12-26 18:03:00,601.29,601.27,601.27,601.388,48640.0
442,2024-12-26 18:04:00,601.39,601.2501,601.2501,601.28,32187.0
443,2024-12-26 18:05:00,601.31,601.05,601.05,601.1411,35642.0
444,2024-12-26 18:06:00,601.2,601.2,601.2,601.33,20207.0
445,2024-12-26 18:07:00,601.33,601.33,601.33,601.435,30828.0
446,2024-12-26 18:08:00,601.43,601.26,601.26,601.42,24767.0
447,2024-12-26 18:09:00,601.44,601.4,601.4,601.56,31123.0
448,2024-12-26 18:10:00,601.55,601.28,601.28,601.3201,38456.0
449,2024-12-26 18:11:00,601.31,601.1601,601.1601,601.1601,53207.0
450,2024-12-26 18:12:00,601.18,601.09,601.09,601.13,30329.0
451,2024-12-26 18:13:00,601.17,601.0313,601.0313,601.21,28307.0
452,2024-12-26 18:14:00,601.2,601.14,601.14,601.1599,28778.0
453,2024-12-26 18:15:00,601.15,601.1,601.1,601.31,33432.0
454,2024-12-26 18:16:00,601.3167,601.29,601.29,601.38,28292.0
455,2024-12-26 18:17:00,601.38,601.38,601.38,601.5499,32683.0
456,2024-12-26 18:18:00,601.55,601.55,601.55,601.64,43470.0
457,2024-12-26 18:19:00,601.64,601.55,601.55,601.76,26391.0
458,2024-12-26 18:20:00,601.75,601.61,601.61,601.73,43118.0
459,2024-12-26 18:21:00,601.73,601.57,601.57,601.6201,25347.0
460,2024-12-26 18:22:00,601.6201,601.53,601.53,601.56,13716.0
461,2024-12-26 18:23:00,601.59,601.415,601.415,601.43,16301.0
462,2024-12-26 18:24:00,601.41,601.35,601.35,601.6,40051.0
463,2024-12-26 18:25:00,601.62,601.62,601.62,601.63,31490.0
464,2024-12-26 18:26:00,601.64,601.64,601.64,601.7212,19028.0
465,2024-12-26 18:27:00,601.75,601.7,601.7,601.72,15630.0
466,2024-12-26 18:28:00,601.72,601.67,601.67,601.79,16937.0
467,2024-12-26 18:29:00,601.77,601.6568,601.6568,601.67,23788.0
468,2024-12-26 18:30:00,601.68,601.53,601.53,601.7,22560.0
469,2024-12-26 18:31:00,601.695,601.61,601.61,601.64,31065.0
470,2024-12-26 18:32:00,601.65,601.59,601.59,601.64,12488.0
471,2024-12-26 18:33:00,601.62,601.43,601.43,601.4477,15618.0
472,2024-12-26 18:34:00,601.44,601.02,601.02,601.07,49219.0
473,2024-12-26 18:35:00,601.08,601.06,601.06,601.29,35997.0
474,2024-12-26 18:36:00,601.31,601.164,601.164,601.21,25801.0
475,2024-12-26 18:37:00,601.18,601.15,601.15,601.32,48300.0
476,2024-12-26 18:38:00,601.3,601.28,601.28,601.45,20534.0
477,2024-12-26 18:39:00,601.465,601.31,601.31,601.33,21589.0
478,2024-12-26 18:40:00,601.3,601.19,601.19,601.21,37808.0
479,2024-12-26 18:41:00,601.2,601.14,601.14,601.42,171937.0
480,2024-12-26 18:42:00,601.42,601.15,601.15,601.18,26524.0
481,2024-12-26 18:43:00,601.2,600.96,600.96,601.0,28538.0
482,2024-12-26 18:44:00,600.97,600.75,600.75,600.96,41937.0
483,2024-12-26 18:45:00,600.98,600.9232,600.9232,601.08,21536.0
484,2024-12-26 18:46:00,601.08,601.05,601.05,601.35,153589.0
485,2024-12-26 18:47:00,601.34,601.16,601.16,601.2,48542.0
486,2024-12-26 18:48:00,601.2,601.2,601.2,601.34,20351.0
487,2024-12-26 18:49:00,601.37,601.37,601.37,601.41,22588.0
488,2024-12-26 18:50:00,601.41,601.24,601.24,601.32,24883.0
489,2024-12-26 18:51:00,601.3,601.15,601.15,601.29,50313.0
490,2024-12-26 18:52:00,601.28,601.26,601.26,601.31,20833.0
491,2024-12-26 18:53:00,601.31,601.31,601.31,601.4,29849.0
492,2024-12-26 18:54:00,601.4,601.4,601.4,601.52,32518.0
493,2024-12-26 18:55:00,601.52,601.49,601.49,601.555,40860.0
494,2024-12-26 18:56:00,601.58,601.3,601.3,601.3101,32962.0
495,2024-12-26 18:57:00,601.29,601.09,601.09,601.095,33559.0
496,2024-12-26 18:58:00,601.1,601.09,601.09,601.09,30315.0
497,2024-12-26 18:59:00,601.083,601.083,601.083,601.32,39923.0
498,2024-12-26 19:00:00,601.265,601.09,601.09,601.11,17531.0
499,2024-12-26 19:01:00,601.0701,601.0701,601.0701,601.12,33945.0
500,2024-12-26 19:02:00,601.115,601.04,601.04,601.125,34958.0
501,2024-12-26 19:03:00,601.13,600.98,600.98,601.09,15957.0
502,2024-12-26 19:04:00,601.065,601.06,601.06,601.1035,32025.0
503,2024-12-26 19:05:00,601.09,600.89,600.89,601.0,147489.0
504,2024-12-26 19:06:00,601.0,600.86,600.86,600.96,64643.0
505,2024-12-26 19:07:00,600.95,600.68,600.68,600.91,106297.0
506,2024-12-26 19:08:00,600.91,600.715,600.715,600.73,32670.0
507,2024-12-26 19:09:00,600.74,600.74,600.74,600.8903,43265.0
508,2024-12-26 19:10:00,600.89,600.84,600.84,600.99,40156.0
509,2024-12-26 19:11:00,601.02,600.82,600.82,600.9299,63501.0
510,2024-12-26 19:12:00,600.93,600.93,600.93,601.04,16184.0
511,2024-12-26 19:13:00,601.0217,600.86,600.86,600.94,14335.0
512,2024-12-26 19:14:00,600.94,600.78,600.78,600.86,55136.0
513,2024-12-26 19:15:00,600.815,600.66,600.66,600.68,48332.0
514,2024-12-26 19:16:00,600.675,600.67,600.67,600.94,34880.0
515,2024-12-26 19:17:00,600.97,600.9,600.9,600.97,24374.0
516,2024-12-26 19:18:00,600.96,600.78,600.78,600.94,526553.0
517,2024-12-26 19:19:00,600.935,600.77,600.77,600.78,32285.0
518,2024-12-26 19:20:00,600.78,600.78,600.78,600.89,15925.0
519,2024-12-26 19:21:00,600.87,600.84,600.84,600.84,29434.0
520,2024-12-26 19:22:00,600.815,600.815,600.815,600.93,11259.0
521,2024-12-26 19:23:00,600.89,600.86,600.86,600.889,10519.0
522,2024-12-26 19:24:00,600.87,600.87,600.87,601.0201,30062.0
523,2024-12-26 19:25:00,601.03,600.94,600.94,601.0,23622.0
524,2024-12-26 19:26:00,601.0099,600.98,600.98,601.0395,22242.0
525,2024-12-26 19:27:00,601.0409,601.04,601.04,601.11,20940.0
526,2024-12-26 19:28:00,601.08,600.96,600.96,601.0601,32168.0
527,2024-12-26 19:29:00,601.0799,600.875,600.875,600.9,16689.0
528,2024-12-26 19:30:00,600.97,600.93,600.93,601.1472,18038.0
529,2024-12-26 19:31:00,601.15,601.03,601.03,601.07,25632.0
530,2024-12-26 19:32:00,601.07,600.99,600.99,600.99,24510.0
531,2024-12-26 19:33:00,601.0,600.995,600.995,601.13,16113.0
532,2024-12-26 19:34:00,601.08,600.8403,600.8403,600.89,23348.0
533,2024-12-26 19:35:00,600.93,600.8499,600.8499,600.936,38627.0
534,2024-12-26 19:36:00,600.935,600.89,600.89,600.8901,143453.0
535,2024-12-26 19:37:00,600.9,600.89,600.89,600.93,22508.0
536,2024-12-26 19:38:00,600.91,600.91,600.91,601.08,24920.0
537,2024-12-26 19:39:00,601.05,601.05,601.05,601.2099,51542.0
538,2024-12-26 19:40:00,601.21,601.15,601.15,601.25,43401.0
539,2024-12-26 19:41:00,601.2695,601.26,601.26,601.35,29077.0
540,2024-12-26 19:42:00,601.37,601.37,601.37,601.415,15597.0
541,2024-12-26 19:43:00,601.43,601.39,601.39,601.48,24584.0
542,2024-12-26 19:44:00,601.48,601.4043,601.4043,601.41,14630.0
543,2024-12-26 19:45:00,601.42,601.41,601.41,601.46,19109.0
544,2024-12-26 19:46:00,601.4641,601.42,601.42,601.54,51560.0
545,2024-12-26 19:47:00,601.54,601.51,601.51,601.64,43333.0
546,2024-12-26 19:48:00,601.6199,601.53,601.53,601.6,26260.0
547,2024-12-26 19:49:00,601.59,601.44,601.44,601.45,22918.0
548,2024-12-26 19:50:00,601.44,601.44,601.44,601.58,30544.0
549,2024-12-26 19:51:00,601.56,601.5,601.5,601.64,1003206.0
550,2024-12-26 19:52:00,601.61,601.53,601.53,601.5501,40933.0
551,2024-12-26 19:53:00,601.55,601.49,601.49,601.605,37051.0
552,2024-12-26 19:54:00,601.618,601.6,601.6,601.65,30838.0
553,2024-12-26 19:55:00,601.65,601.6,601.6,601.7,16870.0
554,2024-12-26 19:56:00,601.69,601.63,601.63,601.755,18018.0
555,2024-12-26 19:57:00,601.75,601.7,601.7,601.74,21603.0
556,2024-12-26 19:58:00,601.7499,601.69,601.69,601.73,19253.0
557,2024-12-26 19:59:00,601.75,601.73,601.73,601.745,20248.0
558,2024-12-26 20:00:00,601.74,601.7,601.7,601.76,47431.0
559,2024-12-26 20:01:00,601.76,601.66,601.66,601.72,42491.0
560,2024-12-26 20:02:00,601.7,601.67,601.67,601.73,20119.0
561,2024-12-26 20:03:00,601.71,601.7,601.7,601.78,33634.0
562,2024-12-26 20:04:00,601.77,601.74,601.74,601.8401,22335.0
563,2024-12-26 20:05:00,601.845,601.79,601.79,601.92,61779.0
564,2024-12-26 20:06:00,601.93,601.82,601.82,601.84,25658.0
565,2024-12-26 20:07:00,601.83,601.81,601.81,601.89,26320.0
566,2024-12-26 20:08:00,601.9,601.87,601.87,601.9601,24308.0
567,2024-12-26 20:09:00,601.97,601.97,601.97,601.99,57879.0
568,2024-12-26 20:10:00,601.98,601.87,601.87,601.89,82937.0
569,2024-12-26 20:11:00,601.89,601.74,601.74,601.7499,71644.0
570,2024-12-26 20:12:00,601.7499,601.7,601.7,601.84,164798.0
571,2024-12-26 20:13:00,601.84,601.73,601.73,601.74,63944.0
572,2024-12-26 20:14:00,601.75,601.4301,601.4301,601.4616,54840.0
573,2024-12-26 20:15:00,601.47,601.47,601.47,601.66,36418.0
574,2024-12-26 20:16:00,601.68,601.5,601.5,601.51,48724.0
575,2024-12-26 20:17:00,601.51,601.43,601.43,601.44,41941.0
576,2024-12-26 20:18:00,601.42,601.42,601.42,601.46,158647.0
577,2024-12-26 20:19:00,601.48,601.4639,601.4639,601.73,32600.0
578,2024-12-26 20:20:00,601.735,601.62,601.62,601.69,70091.0
579,2024-12-26 20:21:00,601.69,601.66,601.66,601.71,45148.0
580,2024-12-26 20:22:00,601.73,601.71,601.71,601.78,20979.0
581,2024-12-26 20:23:00,601.76,601.71,601.71,601.77,44956.0
582,2024-12-26 20:24:00,601.76,601.725,601.725,601.825,29308.0
583,2024-12-26 20:25:00,601.82,601.8,601.8,601.821,22463.0
584,2024-12-26 20:26:00,601.83,601.83,601.83,601.89,29128.0
585,2024-12-26 20:27:00,601.9,601.8001,601.8001,601.86,34981.0
586,2024-12-26 20:28:00,601.85,601.81,601.81,601.9299,30600.0
587,2024-12-26 20:29:00,601.92,601.79,601.79,601.79,95940.0
588,2024-12-26 20:30:00,601.79,601.53,601.53,601.61,92630.0
589,2024-12-26 20:31:00,601.62,601.49,601.49,601.6,88435.0
590,2024-12-26 20:32:00,601.6,601.6,601.6,601.75,78150.0
591,2024-12-26 20:33:00,601.76,601.74,601.74,601.75,52580.0
592,2024-12-26 20:34:00,601.76,601.72,601.72,601.73,55258.0
593,2024-12-26 20:35:00,601.72,601.62,601.62,601.7595,61828.0
594,2024-12-26 20:36:00,601.7599,601.75,601.75,601.79,40592.0
595,2024-12-26 20:37:00,601.8,601.69,601.69,601.82,52563.0
596,2024-12-26 20:38:00,601.82,601.74,601.74,601.84,78240.0
597,2024-12-26 20:39:00,601.84,601.73,601.73,601.75,208515.0
598,2024-12-26 20:40:00,601.74,601.66,601.66,601.79,80623.0
599,2024-12-26 20:41:00,601.8,601.79,601.79,601.89,113412.0
600,2024-12-26 20:42:00,601.89,601.74,601.74,601.75,106844.0
601,2024-12-26 20:43:00,601.75,601.7,601.7,601.74,211750.0
602,2024-12-26 20:44:00,601.71,601.63,601.63,601.72,75458.0
603,2024-12-26 20:45:00,601.75,601.73,601.73,601.86,71418.0
604,2024-12-26 20:46:00,601.87,601.86,601.86,601.91,58945.0
605,2024-12-26 20:47:00,601.92,601.89,601.89,601.985,226890.0
606,2024-12-26 20:48:00,601.97,601.78,601.78,601.82,96465.0
607,2024-12-26 20:49:00,601.82,601.67,601.67,601.83,89991.0
608,2024-12-26 20:50:00,601.84,601.58,601.58,601.73,118476.0
609,2024-12-26 20:51:00,601.735,601.68,601.68,601.76,82855.0
610,2024-12-26 20:52:00,601.76,601.69,601.69,601.78,133489.0
611,2024-12-26 20:53:00,601.77,601.64,601.64,601.84,319707.0
612,2024-12-26 20:54:00,601.83,601.67,601.67,601.76,136682.0
613,2024-12-26 20:55:00,601.79,601.67,601.67,601.67,436577.0
614,2024-12-26 20:56:00,601.665,601.56,601.56,601.575,134196.0
615,2024-12-26 20:57:00,601.575,601.4,601.4,601.53,139197.0
616,2024-12-26 20:58:00,601.53,601.415,601.415,601.4379,331711.0
617,2024-12-26 20:59:00,601.44,601.06,601.06,601.25,663808.0
618,2024-12-26 21:00:00,601.28,601.23,601.23,601.24,290184.0
619,2024-12-26 21:01:00,601.33,601.2,601.2,601.21,17389.0
620,2024-12-26 21:02:00,601.22,600.98,600.98,600.98,172465.0
621,2024-12-26 21:03:00,600.98,600.98,600.98,601.04,1964904.0
622,2024-12-26 21:04:00,601.11,601.07,601.07,601.13,1896761.0
623,2024-12-26 21:05:00,601.08,600.94,600.94,600.97,28432.0
624,2024-12-26 21:06:00,600.95,600.95,600.95,601.16,6758.0
625,2024-12-26 21:07:00,601.16,601.16,601.16,601.2,14684.0
626,2024-12-26 21:08:00,601.2069,601.07,601.07,601.07,1333.0
627,2024-12-26 21:09:00,601.05,601.01,601.01,601.03,148620.0
628,2024-12-26 21:10:00,601.0,601.0,601.0,601.12,51304.0
629,2024-12-26 21:11:00,601.12,601.07,601.07,601.14,35431.0
630,2024-12-26 21:12:00,601.06,601.04,601.04,601.1,4682641.0
631,2024-12-26 21:13:00,601.13,601.13,601.13,601.18,10040.0
632,2024-12-26 21:14:00,601.09,601.03,601.03,601.06,21274.0
633,2024-12-26 21:15:00,601.03,600.97,600.97,601.08,4564.0
634,2024-12-26 21:16:00,601.03,600.96,600.96,600.96,8214.0
635,2024-12-26 21:17:00,600.95,600.95,600.95,601.02,1981.0
636,2024-12-26 21:18:00,600.98,600.98,600.98,600.98,390.0
637,2024-12-26 21:19:00,601.0,601.0,601.0,601.0,1000383.0
638,2024-12-26 21:21:00,600.95,600.93,600.93,600.93,629.0
639,2024-12-26 21:22:00,600.99,600.97,600.97,601.2,89485.0
640,2024-12-26 21:23:00,601.11,601.1,601.1,601.1,6357.0
641,2024-12-26 21:24:00,601.13,601.09,601.09,601.09,13313.0
642,2024-12-26 21:26:00,601.0799,601.0799,601.0799,601.0799,637.0
643,2024-12-26 21:27:00,601.08,601.07,601.07,601.12,1011351.0
644,2024-12-26 21:28:00,601.2151,601.2151,601.2151,601.2151,700149.0
645,2024-12-26 21:29:00,601.09,601.09,601.09,601.09,272.0
646,2024-12-26 21:30:00,601.05,601.04,601.04,601.04,350.0
647,2024-12-26 21:31:00,601.02,600.99,600.99,600.99,1723.0
648,2024-12-26 21:32:00,600.97,600.97,600.97,600.98,5196.0
649,2024-12-26 21:33:00,601.2151,601.2151,601.2151,601.2151,332111.0
650,2024-12-26 21:34:00,601.0388,601.0388,601.0388,601.0388,264.0
651,2024-12-26 21:35:00,601.07,601.07,601.07,601.07,242.0
652,2024-12-26 21:36:00,601.02,601.02,601.02,601.02,1084.0
653,2024-12-26 21:37:00,601.02,601.02,601.02,601.02,232.0
654,2024-12-26 21:39:00,601.01,601.01,601.01,601.01,171.0
655,2024-12-26 21:40:00,601.04,601.01,601.01,601.01,1116.0
656,2024-12-26 21:43:00,601.05,601.05,601.05,601.05,260.0
657,2024-12-26 21:44:00,601.02,601.01,601.01,601.01,703.0
658,2024-12-26 21:45:00,601.02,601.02,601.02,601.02,158.0
659,2024-12-26 21:47:00,600.95,600.95,600.95,600.95,10532.0
660,2024-12-26 21:48:00,600.96,600.96,600.96,600.97,2704.0
661,2024-12-26 21:49:00,600.98,600.97,600.97,600.97,5886.0
662,2024-12-26 21:50:00,600.95,600.95,600.95,600.95,2928.0
663,2024-12-26 21:52:00,600.95,600.95,600.95,600.95,643.0
664,2024-12-26 21:55:00,600.95,600.95,600.95,600.95,2363.0
665,2024-12-26 21:56:00,600.97,600.97,600.97,600.97,892.0
666,2024-12-26 21:57:00,600.97,600.97,600.97,600.97,6509.0
667,2024-12-26 21:58:00,600.95,600.93,600.93,600.96,28618.0
668,2024-12-26 21:59:00,600.96,600.96,600.96,600.99,1713.0
669,2024-12-26 22:00:00,600.99,600.99,600.99,601.0,751.0
670,2024-12-26 22:01:00,601.02,601.02,601.02,601.02,514.0
671,2024-12-26 22:02:00,601.02,601.02,601.02,601.02,214.0
672,2024-12-26 22:03:00,601.02,601.02,601.02,601.02,10612.0
673,2024-12-26 22:05:00,601.03,601.03,601.03,601.03,264.0
674,2024-12-26 22:06:00,601.03,601.03,601.03,601.07,3460.0
675,2024-12-26 22:07:00,601.06,601.05,601.05,601.06,6686.0
676,2024-12-26 22:13:00,601.001,601.001,601.001,601.001,203.0
677,2024-12-26 22:14:00,601.0,601.0,601.0,601.0,750.0
678,2024-12-26 22:15:00,601.0,600.9999,600.9999,601.0,1679.0
679,2024-12-26 22:17:00,601.01,601.01,601.01,601.04,6144.0
680,2024-12-26 22:18:00,601.0497,601.04,601.04,601.04,2201.0
681,2024-12-26 22:19:00,601.04,601.04,601.04,601.04,1555.0
682,2024-12-26 22:20:00,601.04,601.04,601.04,601.04,1085.0
683,2024-12-26 22:24:00,601.02,601.0,601.0,601.0,531.0
684,2024-12-26 22:30:00,601.04,601.0,601.0,601.0,516.0
685,2024-12-26 22:33:00,601.0,601.0,601.0,601.0,346.0
686,2024-12-26 22:36:00,601.06,601.06,601.06,601.07,2408.0
687,2024-12-26 22:37:00,601.0899,601.0899,601.0899,601.09,446.0
688,2024-12-26 22:40:00,601.07,601.07,601.07,601.07,7186.0
689,2024-12-26 22:41:00,601.07,601.07,601.07,601.07,253.0
690,2024-12-26 22:45:00,601.06,601.06,601.06,601.06,255.0
691,2024-12-26 22:51:00,600.99,600.99,600.99,600.99,4436.0
692,2024-12-26 22:53:00,600.97,600.97,600.97,600.97,223.0
693,2024-12-26 22:54:00,600.95,600.95,600.95,600.95,4794.0
694,2024-12-26 22:55:00,600.95,600.91,600.91,600.95,3274.0
695,2024-12-26 22:56:00,600.95,600.9,600.9,600.91,1892.0
696,2024-12-26 22:57:00,600.95,600.95,600.95,600.95,373.0
697,2024-12-26 22:59:00,600.91,600.87,600.87,600.91,2895.0
698,2024-12-26 23:00:00,600.91,600.9,600.9,601.04,12089.0
699,2024-12-26 23:01:00,601.04,601.04,601.04,601.09,5356.0
700,2024-12-26 23:04:00,601.05,601.05,601.05,601.06,617.0
701,2024-12-26 23:08:00,601.07,601.07,601.07,601.07,203.0
702,2024-12-26 23:09:00,601.019,601.0,601.0,601.0,552.0
703,2024-12-26 23:10:00,600.95,600.95,600.95,600.95,546.0
704,2024-12-26 23:12:00,600.83,600.8,600.8,600.8,1220.0
705,2024-12-26 23:13:00,600.87,600.87,600.87,600.87,310.0
706,2024-12-26 23:14:00,600.91,600.91,600.91,600.91,1260.0
707,2024-12-26 23:15:00,600.9,600.9,600.9,600.9,509.0
708,2024-12-26 23:21:00,601.03,601.03,601.03,601.03,191.0
709,2024-12-26 23:22:00,601.05,601.05,601.05,601.05,179.0
710,2024-12-26 23:31:00,601.0,600.97,600.97,600.98,10054.0
711,2024-12-26 23:33:00,600.93,600.93,600.93,600.93,2422.0
712,2024-12-26 23:41:00,601.02,601.02,601.02,601.02,111.0
713,2024-12-26 23:44:00,601.041,601.041,601.041,601.07,407.0
714,2024-12-26 23:46:00,601.07,601.07,601.07,601.07,165.0
715,2024-12-26 23:48:00,601.07,601.07,601.07,601.07,303.0
716,2024-12-26 23:49:00,601.12,601.12,601.12,601.15,2097.0
717,2024-12-26 23:50:00,601.15,601.15,601.15,601.17,910.0
718,2024-12-26 23:52:00,601.19,601.19,601.19,601.22,1136.0
719,2024-12-26 23:53:00,601.2,601.2,601.2,601.2,582.0
720,2024-12-26 23:54:00,601.22,601.22,601.22,601.23,428.0
721,2024-12-26 23:58:00,601.15,601.15,601.15,601.15,320.0
722,2024-12-27 00:00:00,601.17,601.15,601.15,601.2,819.0
723,2024-12-27 00:01:00,601.3,601.3,601.3,601.3,488.0
724,2024-12-27 00:03:00,601.21,601.1801,601.1801,601.1801,464.0
725,2024-12-27 00:09:00,601.16,601.16,601.16,601.16,172.0
726,2024-12-27 00:10:00,601.1,601.03,601.03,601.03,701.0
727,2024-12-27 00:13:00,601.05,601.05,601.05,601.05,147.0
728,2024-12-27 00:15:00,601.04,600.73,600.73,600.84,2844.0
729,2024-12-27 00:16:00,600.78,600.78,600.78,600.78,534.0
730,2024-12-27 00:17:00,600.78,600.78,600.78,600.78,457.0
731,2024-12-27 00:18:00,600.75,600.66,600.66,600.66,1047.0
732,2024-12-27 00:20:00,600.61,600.25,600.25,600.38,4293.0
733,2024-12-27 00:21:00,600.33,600.33,600.33,600.49,600.0
734,2024-12-27 00:22:00,600.49,600.49,600.49,600.49,1295.0
735,2024-12-27 00:23:00,600.49,600.48,600.48,600.48,726.0
736,2024-12-27 00:25:00,600.56,600.47,600.47,600.47,1502.0
737,2024-12-27 00:27:00,600.45,600.45,600.45,600.45,327.0
738,2024-12-27 00:30:00,600.54,600.53,600.53,600.55,1291.0
739,2024-12-27 00:32:00,600.5,600.5,600.5,600.5092,641.0
740,2024-12-27 00:33:00,600.53,600.53,600.53,600.53,217.0
741,2024-12-27 00:36:00,600.45,600.45,600.45,600.45,452.0
742,2024-12-27 00:37:00,600.47,600.44,600.44,600.44,361.0
743,2024-12-27 00:38:00,600.42,600.36,600.36,600.43,704.0
744,2024-12-27 00:39:00,600.4761,600.4761,600.4761,600.4761,671.0
745,2024-12-27 00:41:00,600.4,600.4,600.4,600.4,170.0
746,2024-12-27 00:43:00,600.3999,600.34,600.34,600.35,1718.0
747,2024-12-27 00:45:00,600.33,600.33,600.33,600.33,184.0
748,2024-12-27 00:46:00,600.36,600.36,600.36,600.4,940.0
749,2024-12-27 00:47:00,600.6,600.6,600.6,600.6,304.0
750,2024-12-27 00:48:00,600.59,600.59,600.59,600.59,2681.0
751,2024-12-27 00:51:00,600.59,600.5,600.5,600.5,14344.0
752,2024-12-27 00:53:00,600.43,600.42,600.42,600.42,3997.0
753,2024-12-27 00:54:00,600.39,600.37,600.37,600.37,5695.0
754,2024-12-27 00:55:00,600.37,600.37,600.37,600.4,2866.0
755,2024-12-27 00:56:00,600.41,600.4,600.4,600.43,1447.0
756,2024-12-27 00:58:00,600.41,600.4,600.4,600.4,307.0
757,2024-12-27 00:59:00,600.41,600.4,600.4,600.41,1366.0
758,2024-12-27 09:00:00,599.25,599.25,599.25,599.3,3385.0
759,2024-12-27 09:02:00,599.32,599.32,599.32,599.32,444.0
760,2024-12-27 09:03:00,599.33,599.33,599.33,599.33,332.0
761,2024-12-27 09:04:00,599.35,599.31,599.31,599.31,1042.0
762,2024-12-27 09:05:00,599.26,599.26,599.26,599.26,264.0
763,2024-12-27 09:06:00,599.33,599.33,599.33,599.33,498.0
764,2024-12-27 09:08:00,599.31,599.31,599.31,599.31,505.0
765,2024-12-27 09:09:00,599.42,599.41,599.41,599.46,1777.0
766,2024-12-27 09:10:00,599.38,599.38,599.38,599.44,989.0
767,2024-12-27 09:11:00,599.4,599.4,599.4,599.4,610.0
768,2024-12-27 09:15:00,599.37,599.37,599.37,599.37,282.0
769,2024-12-27 09:16:00,599.45,599.42,599.42,599.42,682.0
770,2024-12-27 09:17:00,599.36,599.36,599.36,599.36,636.0
771,2024-12-27 09:19:00,599.51,599.32,599.32,599.32,323.0
772,2024-12-27 09:20:00,599.36,599.36,599.36,599.36,432.0
773,2024-12-27 09:23:00,599.49,599.49,599.49,599.49,306.0
774,2024-12-27 09:30:00,599.49,599.49,599.49,599.49,371.0
775,2024-12-27 09:33:00,599.5,599.5,599.5,599.5,284.0
776,2024-12-27 09:37:00,599.47,599.47,599.47,599.47,320.0
777,2024-12-27 09:45:00,599.57,599.57,599.57,599.57,222.0
778,2024-12-27 09:50:00,599.44,599.44,599.44,599.44,311.0
779,2024-12-27 09:52:00,599.37,599.37,599.37,599.37,322.0
780,2024-12-27 09:57:00,599.23,599.23,599.23,599.23,364.0
781,2024-12-27 09:59:00,599.36,599.36,599.36,599.36,100.0
782,2024-12-27 10:01:00,599.34,599.34,599.34,599.34,350.0
783,2024-12-27 10:04:00,599.43,599.43,599.43,599.43,508.0
784,2024-12-27 10:05:00,599.45,599.45,599.45,599.45,1059.0
785,2024-12-27 10:07:00,599.43,599.43,599.43,599.43,425.0
786,2024-12-27 10:18:00,599.44,599.44,599.44,599.44,327.0
787,2024-12-27 10:29:00,599.38,599.38,599.38,599.4,746.0
788,2024-12-27 10:31:00,599.4,599.4,599.4,599.4,1033.0
789,2024-12-27 10:35:00,599.4,599.4,599.4,599.4,873.0
790,2024-12-27 10:37:00,599.3,599.27,599.27,599.27,420.0
791,2024-12-27 10:39:00,599.3,599.3,599.3,599.3,121.0
792,2024-12-27 10:40:00,599.27,599.27,599.27,599.31,371.0
793,2024-12-27 10:44:00,599.41,599.41,599.41,599.41,312.0
794,2024-12-27 10:48:00,599.25,599.25,599.25,599.25,214.0
795,2024-12-27 10:49:00,599.25,599.23,599.23,599.23,1609.0
796,2024-12-27 10:50:00,599.24,599.24,599.24,599.24,193.0
797,2024-12-27 10:54:00,599.49,599.49,599.49,599.5,224.0
798,2024-12-27 10:55:00,599.46,599.42,599.42,599.42,344.0
799,2024-12-27 10:56:00,599.34,599.34,599.34,599.34,119.0
800,2024-12-27 11:10:00,599.51,599.51,599.51,599.51,134.0
801,2024-12-27 11:11:00,599.51,599.51,599.51,599.51,377.0
802,2024-12-27 11:21:00,599.36,599.36,599.36,599.36,228.0
803,2024-12-27 11:33:00,599.46,599.46,599.46,599.46,654.0
804,2024-12-27 11:36:00,599.51,599.51,599.51,599.51,537.0
805,2024-12-27 11:43:00,599.51,599.51,599.51,599.51,152.0
806,2024-12-27 11:44:00,599.53,599.53,599.53,599.53,441.0
807,2024-12-27 11:45:00,599.56,599.56,599.56,599.6,673.0
808,2024-12-27 11:47:00,599.51,599.41,599.41,599.41,1652.0
809,2024-12-27 11:48:00,599.42,599.42,599.42,599.57,369.0
810,2024-12-27 11:51:00,599.56,599.56,599.56,599.56,119.0
811,2024-12-27 11:52:00,599.61,599.61,599.61,599.61,316.0
812,2024-12-27 11:54:00,599.6,599.6,599.6,599.6,148.0
813,2024-12-27 11:55:00,599.63,599.54,599.54,599.54,310.0
814,2024-12-27 11:56:00,599.62,599.62,599.62,599.62,111.0
815,2024-12-27 12:01:00,599.75,599.72,599.72,599.74,1742.0
816,2024-12-27 12:02:00,599.79,599.79,599.79,599.86,1072.0
817,2024-12-27 12:03:00,599.88,599.82,599.82,599.82,1069.0
818,2024-12-27 12:04:00,599.88,599.84,599.84,599.86,1446.0
819,2024-12-27 12:05:00,599.78,599.78,599.78,599.78,404.0
820,2024-12-27 12:07:00,599.82,599.82,599.82,599.82,284.0
821,2024-12-27 12:08:00,599.9,599.88,599.88,599.88,4167.0
822,2024-12-27 12:10:00,599.97,599.97,599.97,599.97,347.0
823,2024-12-27 12:11:00,599.959,599.959,599.959,599.959,322.0
824,2024-12-27 12:12:00,599.9,599.9,599.9,599.91,923.0
825,2024-12-27 12:13:00,599.91,599.9,599.9,599.9,2343.0
826,2024-12-27 12:14:00,599.9,599.89,599.89,599.925,1306.0
827,2024-12-27 12:15:00,599.9,599.86,599.86,599.86,1523.0
828,2024-12-27 12:16:00,599.86,599.75,599.75,599.76,2392.0
829,2024-12-27 12:17:00,599.76,599.72,599.72,599.72,1525.0
830,2024-12-27 12:18:00,599.745,599.72,599.72,599.74,2092.0
831,2024-12-27 12:19:00,599.75,599.71,599.71,599.76,1763.0
832,2024-12-27 12:21:00,599.76,599.76,599.76,599.76,488.0
833,2024-12-27 12:22:00,599.7,599.68,599.68,599.68,2249.0
834,2024-12-27 12:23:00,599.63,599.59,599.59,599.59,630.0
835,2024-12-27 12:24:00,599.6,599.6,599.6,599.6,2187.0
836,2024-12-27 12:25:00,599.73,599.73,599.73,599.73,563.0
837,2024-12-27 12:27:00,599.75,599.72,599.72,599.72,507.0
838,2024-12-27 12:29:00,599.65,599.65,599.65,599.66,656.0
839,2024-12-27 12:32:00,599.74,599.74,599.74,599.74,304.0
840,2024-12-27 12:34:00,599.71,599.71,599.71,599.72,838.0
841,2024-12-27 12:35:00,599.71,599.65,599.65,599.65,1716.0
842,2024-12-27 12:37:00,599.66,599.66,599.66,599.7,689.0
843,2024-12-27 12:39:00,599.58,599.5,599.5,599.5,1111.0
844,2024-12-27 12:44:00,599.51,599.51,599.51,599.51,262.0
845,2024-12-27 12:47:00,599.551,599.551,599.551,599.551,160.0
846,2024-12-27 12:48:00,599.56,599.55,599.55,599.55,1000.0
847,2024-12-27 12:49:00,599.59,599.55,599.55,599.55,3464.0
848,2024-12-27 12:51:00,599.63,599.63,599.63,599.63,326.0
849,2024-12-27 12:53:00,599.58,599.58,599.58,599.61,6167.0
850,2024-12-27 12:57:00,599.64,599.64,599.64,599.64,459.0
851,2024-12-27 13:00:00,599.6401,599.2,599.2,599.56,44559.0
852,2024-12-27 13:01:00,599.575,599.36,599.36,599.36,22417.0
853,2024-12-27 13:02:00,599.44,599.43,599.43,599.45,916.0
854,2024-12-27 13:03:00,599.48,599.48,599.48,599.48,680.0
855,2024-12-27 13:04:00,599.47,599.47,599.47,599.48,1451.0
856,2024-12-27 13:05:00,599.5,599.5,599.5,599.5098,422.0
857,2024-12-27 13:06:00,599.48,599.44,599.44,599.47,2214.0
858,2024-12-27 13:07:00,599.44,599.39,599.39,599.39,1731.0
859,2024-12-27 13:08:00,599.39,599.3,599.3,599.3,6783.0
860,2024-12-27 13:09:00,599.25,599.24,599.24,599.33,2449.0
861,2024-12-27 13:10:00,599.35,599.34,599.34,599.34,618.0
862,2024-12-27 13:11:00,599.34,599.31,599.31,599.33,449.0
863,2024-12-27 13:12:00,599.41,599.41,599.41,599.41,257.0
864,2024-12-27 13:13:00,599.43,599.43,599.43,599.43,449.0
865,2024-12-27 13:14:00,599.49,599.49,599.49,599.5199,480.0
866,2024-12-27 13:16:00,599.43,599.36,599.36,599.36,963.0
867,2024-12-27 13:17:00,599.33,599.32,599.32,599.32,682.0
868,2024-12-27 13:21:00,599.33,599.33,599.33,599.33,402.0
869,2024-12-27 13:22:00,599.31,599.26,599.26,599.28,1790.0
870,2024-12-27 13:23:00,599.27,599.21,599.21,599.21,1595.0
871,2024-12-27 13:24:00,599.19,599.19,599.19,599.21,4161.0
872,2024-12-27 13:25:00,599.2,599.09,599.09,599.09,5388.0
873,2024-12-27 13:26:00,599.09,599.08,599.08,599.1,3688.0
874,2024-12-27 13:27:00,599.13,599.13,599.13,599.13,788.0
875,2024-12-27 13:28:00,599.12,599.09,599.09,599.15,3956.0
876,2024-12-27 13:29:00,599.21,599.21,599.21,599.24,1253.0
877,2024-12-27 13:30:00,599.23,599.23,599.23,599.24,809.0
878,2024-12-27 13:31:00,599.2,599.11,599.11,599.11,2430.0
879,2024-12-27 13:32:00,599.16,599.11,599.11,599.11,603.0
880,2024-12-27 13:33:00,599.11,599.05,599.05,599.07,11299.0
881,2024-12-27 13:34:00,599.03,598.99,598.99,599.01,12636.0
882,2024-12-27 13:35:00,598.99,598.68,598.68,598.7,11001.0
883,2024-12-27 13:36:00,598.78,598.77,598.77,598.9301,3805.0
884,2024-12-27 13:37:00,598.97,598.89,598.89,598.9,7337.0
885,2024-12-27 13:38:00,598.9,598.9,598.9,599.01,1417.0
886,2024-12-27 13:39:00,598.91,598.91,598.91,598.91,370.0
887,2024-12-27 13:40:00,598.87,598.78,598.78,598.78,19563.0
888,2024-12-27 13:41:00,599.0,599.0,599.0,599.09,1567.0
889,2024-12-27 13:42:00,599.03,599.03,599.03,599.1,834.0
890,2024-12-27 13:43:00,598.93,598.93,598.93,598.94,683.0
891,2024-12-27 13:44:00,598.95,598.95,598.95,599.12,3069.0
892,2024-12-27 13:45:00,599.09,599.09,599.09,599.1,451.0
893,2024-12-27 13:46:00,599.01,599.01,599.01,599.02,1804.0
894,2024-12-27 13:47:00,599.04,599.04,599.04,599.1199,3605.0
895,2024-12-27 13:48:00,599.14,599.0201,599.0201,599.11,4563.0
896,2024-12-27 13:49:00,599.15,599.15,599.15,599.15,3163.0
897,2024-12-27 13:50:00,599.17,599.14,599.14,599.14,3259.0
898,2024-12-27 13:51:00,599.12,599.08,599.08,599.1,6809.0
899,2024-12-27 13:53:00,599.12,599.12,599.12,599.13,603.0
900,2024-12-27 13:54:00,599.18,599.18,599.18,599.21,1809.0
901,2024-12-27 13:55:00,599.24,599.13,599.13,599.13,1117.0
902,2024-12-27 13:56:00,599.17,599.16,599.16,599.16,830.0
903,2024-12-27 13:57:00,599.15,599.14,599.14,599.14,1064.0
904,2024-12-27 13:58:00,599.1,599.06,599.06,599.09,4319.0
905,2024-12-27 13:59:00,599.05,598.81,598.81,598.81,9478.0
906,2024-12-27 14:00:00,598.81,598.8,598.8,598.81,1075.0
907,2024-12-27 14:01:00,598.8796,598.7,598.7,598.71,3621.0
908,2024-12-27 14:02:00,598.7,598.55,598.55,598.63,10895.0
909,2024-12-27 14:03:00,598.63,598.59,598.59,598.6,10115.0
910,2024-12-27 14:04:00,598.61,598.36,598.36,598.45,12895.0
911,2024-12-27 14:05:00,598.46,598.46,598.46,598.53,2666.0
912,2024-12-27 14:06:00,598.56,598.48,598.48,598.48,2370.0
913,2024-12-27 14:07:00,598.53,598.53,598.53,598.6,848.0
914,2024-12-27 14:09:00,598.6,598.53,598.53,598.54,1753.0
915,2024-12-27 14:10:00,598.53,598.46,598.46,598.46,2667.0
916,2024-12-27 14:11:00,598.46,598.3601,598.3601,598.37,8971.0
917,2024-12-27 14:12:00,598.39,598.3799,598.3799,598.58,1880.0
918,2024-12-27 14:13:00,598.61,598.5,598.5,598.5,11511.0
919,2024-12-27 14:14:00,598.47,598.4,598.4,598.4399,4544.0
920,2024-12-27 14:15:00,598.42,598.37,598.37,598.37,2315.0
921,2024-12-27 14:16:00,598.35,598.35,598.35,598.43,1192.0
922,2024-12-27 14:17:00,598.39,598.36,598.36,598.36,1443.0
923,2024-12-27 14:18:00,598.35,598.1,598.1,598.13,8128.0
924,2024-12-27 14:19:00,598.13,598.11,598.11,598.23,13401.0
925,2024-12-27 14:20:00,598.16,598.15,598.15,598.18,24110.0
926,2024-12-27 14:21:00,598.17,598.1,598.1,598.1,7831.0
927,2024-12-27 14:22:00,598.15,598.12,598.12,598.1799,1217.0
928,2024-12-27 14:23:00,598.1791,598.1,598.1,598.15,12357.0
929,2024-12-27 14:24:00,598.14,597.97,597.97,597.9999,21436.0
930,2024-12-27 14:25:00,598.0,598.0,598.0,598.06,7940.0
931,2024-12-27 14:26:00,598.05,597.98,597.98,597.98,3132.0
932,2024-12-27 14:27:00,597.98,597.8,597.8,597.82,5686.0
933,2024-12-27 14:28:00,597.9,597.39,597.39,597.47,26418.0
934,2024-12-27 14:29:00,597.45,597.38,597.38,597.48,70468.0
935,2024-12-27 14:30:00,597.54,597.25,597.25,597.57,488229.0
936,2024-12-27 14:31:00,597.545,597.35,597.35,597.44,256490.0
937,2024-12-27 14:32:00,597.45,597.26,597.26,597.5,215454.0
938,2024-12-27 14:33:00,597.49,597.0501,597.0501,597.49,105220.0
939,2024-12-27 14:34:00,597.53,597.02,597.02,597.07,180044.0
940,2024-12-27 14:35:00,597.0699,596.86,596.86,596.86,138695.0
941,2024-12-27 14:36:00,596.83,596.49,596.49,596.68,143062.0
942,2024-12-27 14:37:00,596.6592,596.6,596.6,597.14,163748.0
943,2024-12-27 14:38:00,597.16,596.57,596.57,596.62,153201.0
944,2024-12-27 14:39:00,596.62,596.53,596.53,596.62,132633.0
945,2024-12-27 14:40:00,596.66,596.51,596.51,596.89,288760.0
946,2024-12-27 14:41:00,596.93,596.78,596.78,596.8775,137429.0
947,2024-12-27 14:42:00,596.87,596.72,596.72,596.76,81010.0
948,2024-12-27 14:43:00,596.78,596.7,596.7,596.74,76707.0
949,2024-12-27 14:44:00,596.7102,596.51,596.51,596.52,123305.0
950,2024-12-27 14:45:00,596.51,596.43,596.43,596.79,164056.0
951,2024-12-27 14:46:00,596.76,596.7,596.7,596.9831,62142.0
952,2024-12-27 14:47:00,596.97,596.875,596.875,597.48,242229.0
953,2024-12-27 14:48:00,597.48,597.405,597.405,597.54,125212.0
954,2024-12-27 14:49:00,597.54,597.2547,597.2547,597.5,99144.0
955,2024-12-27 14:50:00,597.49,596.98,596.98,597.0307,133768.0
956,2024-12-27 14:51:00,597.0,596.95,596.95,597.56,76304.0
957,2024-12-27 14:52:00,597.58,597.23,597.23,597.4125,71246.0
958,2024-12-27 14:53:00,597.39,597.15,597.15,597.2,95889.0
959,2024-12-27 14:54:00,597.22,597.03,597.03,597.0601,42464.0
960,2024-12-27 14:55:00,597.0401,596.71,596.71,596.81,76494.0
961,2024-12-27 14:56:00,596.79,596.75,596.75,597.01,86241.0
962,2024-12-27 14:57:00,597.01,596.8701,596.8701,596.8701,78751.0
963,2024-12-27 14:58:00,596.87,596.86,596.86,597.03,39466.0
964,2024-12-27 14:59:00,596.99,596.68,596.68,596.82,46609.0
965,2024-12-27 15:00:00,596.82,596.02,596.02,596.04,129612.0
966,2024-12-27 15:01:00,596.02,595.14,595.14,595.27,407895.0
967,2024-12-27 15:02:00,595.285,595.24,595.24,595.55,274831.0
968,2024-12-27 15:03:00,595.58,595.185,595.185,595.26,165343.0
969,2024-12-27 15:04:00,595.29,594.9,594.9,594.91,170127.0
970,2024-12-27 15:05:00,594.92,594.5501,594.5501,594.6,238556.0
971,2024-12-27 15:06:00,594.59,594.28,594.28,594.9,366022.0
972,2024-12-27 15:07:00,594.94,594.45,594.45,594.48,193184.0
973,2024-12-27 15:08:00,594.48,594.411,594.411,594.72,160060.0
974,2024-12-27 15:09:00,594.73,594.51,594.51,595.03,188292.0
975,2024-12-27 15:10:00,595.03,594.44,594.44,594.48,121616.0
976,2024-12-27 15:11:00,594.47,594.03,594.03,594.09,121468.0
977,2024-12-27 15:12:00,594.1,593.715,593.715,593.89,211220.0
978,2024-12-27 15:13:00,593.9,593.8563,593.8563,594.04,140528.0
979,2024-12-27 15:14:00,594.05,593.77,593.77,594.03,178466.0
980,2024-12-27 15:15:00,594.04,593.61,593.61,593.65,131530.0
981,2024-12-27 15:16:00,593.65,593.47,593.47,593.49,173752.0
982,2024-12-27 15:17:00,593.48,592.79,592.79,592.91,270279.0
983,2024-12-27 15:18:00,592.91,592.83,592.83,592.915,216678.0
984,2024-12-27 15:19:00,592.91,592.82,592.82,593.02,166430.0
985,2024-12-27 15:20:00,593.015,592.82,592.82,592.97,193670.0
986,2024-12-27 15:21:00,592.94,592.92,592.92,593.4199,256666.0
987,2024-12-27 15:22:00,593.41,593.32,593.32,594.02,220046.0
988,2024-12-27 15:23:00,594.02,593.88,593.88,593.98,242414.0
989,2024-12-27 15:24:00,593.97,593.51,593.51,593.74,119843.0
990,2024-12-27 15:25:00,593.74,593.26,593.26,593.33,80588.0
991,2024-12-27 15:26:00,593.32,593.31,593.31,593.46,59901.0
992,2024-12-27 15:27:00,593.37,593.18,593.18,593.4,227148.0
993,2024-12-27 15:28:00,593.37,593.1,593.1,593.15,64226.0
994,2024-12-27 15:29:00,593.1699,593.01,593.01,593.21,90119.0
995,2024-12-27 15:30:00,593.17,592.71,592.71,592.75,116698.0
996,2024-12-27 15:31:00,592.78,592.78,592.78,592.925,77827.0
997,2024-12-27 15:32:00,592.9,592.37,592.37,592.39,115234.0
998,2024-12-27 15:33:00,592.43,592.25,592.25,592.77,135366.0
999,2024-12-27 15:34:00,592.79,592.62,592.62,592.64,75873.0
1000,2024-12-27 15:35:00,592.63,592.63,592.63,592.78,100187.0
1001,2024-12-27 15:36:00,592.75,592.7001,592.7001,592.88,81184.0
1002,2024-12-27 15:37:00,592.87,592.67,592.67,592.99,62544.0
1003,2024-12-27 15:38:00,592.97,592.815,592.815,593.04,74399.0
1004,2024-12-27 15:39:00,593.0,592.87,592.87,593.12,217055.0
1005,2024-12-27 15:40:00,593.1,592.84,592.84,592.96,85363.0
1006,2024-12-27 15:41:00,592.93,592.93,592.93,594.09,249871.0
1007,2024-12-27 15:42:00,594.1,593.51,593.51,593.51,126868.0
1008,2024-12-27 15:43:00,593.53,593.465,593.465,593.94,101871.0
1009,2024-12-27 15:44:00,593.935,593.7,593.7,593.89,118436.0
1010,2024-12-27 15:45:00,593.83,593.69,593.69,594.14,175245.0
1011,2024-12-27 15:46:00,594.14,593.41,593.41,593.4701,176663.0
1012,2024-12-27 15:47:00,593.47,593.37,593.37,593.73,79430.0
1013,2024-12-27 15:48:00,593.699,593.63,593.63,594.24,96432.0
1014,2024-12-27 15:49:00,594.255,594.17,594.17,594.26,117639.0
1015,2024-12-27 15:50:00,594.23,594.03,594.03,594.2,101706.0
1016,2024-12-27 15:51:00,594.23,594.21,594.21,594.45,229450.0
1017,2024-12-27 15:52:00,594.47,594.21,594.21,594.3999,85029.0
1018,2024-12-27 15:53:00,594.38,594.17,594.17,594.51,76557.0
1019,2024-12-27 15:54:00,594.52,594.4,594.4,594.5483,129789.0
1020,2024-12-27 15:55:00,594.49,594.19,594.19,594.19,63407.0
1021,2024-12-27 15:56:00,594.2,594.1501,594.1501,594.2499,36509.0
1022,2024-12-27 15:57:00,594.23,593.91,593.91,593.98,66183.0
1023,2024-12-27 15:58:00,593.95,593.75,593.75,593.87,332173.0
1024,2024-12-27 15:59:00,593.89,593.82,593.82,593.98,48265.0
1025,2024-12-27 16:00:00,593.96,593.79,593.79,593.89,74937.0
1026,2024-12-27 16:01:00,593.87,593.5,593.5,593.55,94940.0
1027,2024-12-27 16:02:00,593.52,593.06,593.06,593.0896,110529.0
1028,2024-12-27 16:03:00,593.1,593.0786,593.0786,593.21,59950.0
1029,2024-12-27 16:04:00,593.22,592.77,592.77,592.8599,101648.0
1030,2024-12-27 16:05:00,592.86,592.66,592.66,592.87,106562.0
1031,2024-12-27 16:06:00,592.85,592.83,592.83,592.92,104705.0
1032,2024-12-27 16:07:00,592.95,592.85,592.85,593.13,82607.0
1033,2024-12-27 16:08:00,593.12,592.78,592.78,592.889,45262.0
1034,2024-12-27 16:09:00,592.86,592.8,592.8,592.87,45056.0
1035,2024-12-27 16:10:00,592.84,592.84,592.84,592.92,74331.0
1036,2024-12-27 16:11:00,592.93,592.88,592.88,592.96,208341.0
1037,2024-12-27 16:12:00,592.94,592.9,592.9,592.97,27485.0
1038,2024-12-27 16:13:00,592.97,592.9,592.9,592.9525,37761.0
1039,2024-12-27 16:14:00,592.9397,592.46,592.46,592.52,78835.0
1040,2024-12-27 16:15:00,592.54,592.53,592.53,592.675,207328.0
1041,2024-12-27 16:16:00,592.7,592.61,592.61,592.8242,294759.0
1042,2024-12-27 16:17:00,592.81,592.67,592.67,592.86,45294.0
1043,2024-12-27 16:18:00,592.86,592.68,592.68,592.69,49940.0
1044,2024-12-27 16:19:00,592.69,592.61,592.61,592.68,40287.0
1045,2024-12-27 16:20:00,592.69,592.64,592.64,592.81,74500.0
1046,2024-12-27 16:21:00,592.81,592.7501,592.7501,592.77,50967.0
1047,2024-12-27 16:22:00,592.765,592.76,592.76,593.02,283524.0
1048,2024-12-27 16:23:00,593.025,592.98,592.98,593.14,43950.0
1049,2024-12-27 16:24:00,593.14,592.98,592.98,593.06,293633.0
1050,2024-12-27 16:25:00,593.05,593.05,593.05,593.6,414962.0
1051,2024-12-27 16:26:00,593.6,593.44,593.44,593.58,81361.0
1052,2024-12-27 16:27:00,593.59,593.5664,593.5664,593.78,53119.0
1053,2024-12-27 16:28:00,593.77,593.745,593.745,593.84,62508.0
1054,2024-12-27 16:29:00,593.85,593.85,593.85,594.519,141620.0
1055,2024-12-27 16:30:00,594.4901,593.97,593.97,594.04,283399.0
1056,2024-12-27 16:31:00,594.02,594.0,594.0,594.5,63076.0
1057,2024-12-27 16:32:00,594.49,594.37,594.37,594.53,94686.0
1058,2024-12-27 16:33:00,594.52,594.41,594.41,594.51,85646.0
1059,2024-12-27 16:34:00,594.506274,594.32,594.32,594.42,237827.0
1060,2024-12-27 16:35:00,594.38,594.25,594.25,594.38,159862.0
1061,2024-12-27 16:36:00,594.3884,594.3502,594.3502,594.678,56971.0
1062,2024-12-27 16:37:00,594.67,594.5,594.5,594.64,34324.0
1063,2024-12-27 16:38:00,594.6,594.43,594.43,594.46,45626.0
1064,2024-12-27 16:39:00,594.47,594.26,594.26,594.32,99041.0
1065,2024-12-27 16:40:00,594.31,594.12,594.12,594.135,219202.0
1066,2024-12-27 16:41:00,594.1296,593.86,593.86,593.91,108685.0
1067,2024-12-27 16:42:00,593.88,593.5199,593.5199,593.565,209067.0
1068,2024-12-27 16:43:00,593.56,593.25,593.25,593.25,79713.0
1069,2024-12-27 16:44:00,593.27,593.1003,593.1003,593.12,45315.0
1070,2024-12-27 16:45:00,593.12,593.05,593.05,593.2701,352751.0
1071,2024-12-27 16:46:00,593.29,593.2,593.2,593.32,99807.0
1072,2024-12-27 16:47:00,593.36,593.2201,593.2201,593.23,48479.0
1073,2024-12-27 16:48:00,593.23,593.1101,593.1101,593.2459,30735.0
1074,2024-12-27 16:49:00,593.25,592.86,592.86,592.92,78141.0
1075,2024-12-27 16:50:00,592.93,592.48,592.48,592.59,89436.0
1076,2024-12-27 16:51:00,592.5799,592.02,592.02,592.06,399316.0
1077,2024-12-27 16:52:00,592.06,591.6,591.6,591.64,187127.0
1078,2024-12-27 16:53:00,591.65,591.5801,591.5801,591.87,123883.0
1079,2024-12-27 16:54:00,591.88,591.69,591.69,591.77,66421.0
1080,2024-12-27 16:55:00,591.76,591.6601,591.6601,591.8199,89923.0
1081,2024-12-27 16:56:00,591.8,591.74,591.74,592.24,125849.0
1082,2024-12-27 16:57:00,592.235,592.2,592.2,592.24,132685.0
1083,2024-12-27 16:58:00,592.2898,591.88,591.88,592.07,69851.0
1084,2024-12-27 16:59:00,592.06,591.9374,591.9374,592.0301,69186.0
1085,2024-12-27 17:00:00,592.03,591.95,591.95,592.13,67183.0
1086,2024-12-27 17:01:00,592.11,592.09,592.09,592.23,60616.0
1087,2024-12-27 17:02:00,592.195,591.88,591.88,591.89,51032.0
1088,2024-12-27 17:03:00,591.89,591.78,591.78,591.8675,194376.0
1089,2024-12-27 17:04:00,591.89,591.82,591.82,591.87,58461.0
1090,2024-12-27 17:05:00,591.8699,591.68,591.68,591.71,71738.0
1091,2024-12-27 17:06:00,591.74,591.72,591.72,591.7252,206797.0
1092,2024-12-27 17:07:00,591.76,591.24,591.24,591.24,161180.0
1093,2024-12-27 17:08:00,591.24,591.08,591.08,591.4,141053.0
1094,2024-12-27 17:09:00,591.3794,591.3794,591.3794,591.55,62321.0
1095,2024-12-27 17:10:00,591.65,591.49,591.49,591.49,65271.0
1096,2024-12-27 17:11:00,591.49,591.39,591.39,591.39,55006.0
1097,2024-12-27 17:12:00,591.39,591.31,591.31,591.4,40084.0
1098,2024-12-27 17:13:00,591.41,591.3799,591.3799,591.5101,43451.0
1099,2024-12-27 17:14:00,591.53,591.3101,591.3101,591.41,318591.0
1100,2024-12-27 17:15:00,591.4,591.4,591.4,591.4701,62973.0
1101,2024-12-27 17:16:00,591.48,591.15,591.15,591.16,55041.0
1102,2024-12-27 17:17:00,591.1999,591.05,591.05,591.12,79378.0
1103,2024-12-27 17:18:00,591.12,591.12,591.12,591.43,103986.0
1104,2024-12-27 17:19:00,591.43,591.1202,591.1202,591.16,64860.0
1105,2024-12-27 17:20:00,591.16,590.81,590.81,590.89,162872.0
1106,2024-12-27 17:21:00,590.88,590.8,590.8,590.89,66245.0
1107,2024-12-27 17:22:00,590.89,590.8501,590.8501,591.3002,105599.0
1108,2024-12-27 17:23:00,591.3,591.0,591.0,591.03,100219.0
1109,2024-12-27 17:24:00,591.03,591.002,591.002,591.06,69696.0
1110,2024-12-27 17:25:00,591.0699,591.05,591.05,591.24,85273.0
1111,2024-12-27 17:26:00,591.26,591.24,591.24,591.66,159110.0
1112,2024-12-27 17:27:00,591.65,591.46,591.46,591.7,62760.0
1113,2024-12-27 17:28:00,591.71,591.29,591.29,591.39,70993.0
1114,2024-12-27 17:29:00,591.3988,591.32,591.32,591.53,44872.0
1115,2024-12-27 17:30:00,591.5301,591.47,591.47,591.76,58700.0
1116,2024-12-27 17:31:00,591.78,591.72,591.72,592.3,417072.0
1117,2024-12-27 17:32:00,592.28,591.99,591.99,592.02,70961.0
1118,2024-12-27 17:33:00,592.01,591.87,591.87,591.92,43636.0
1119,2024-12-27 17:34:00,591.92,591.7401,591.7401,591.929,100876.0
1120,2024-12-27 17:35:00,591.9,591.55,591.55,591.6,48819.0
1121,2024-12-27 17:36:00,591.6,591.27,591.27,591.38,83294.0
1122,2024-12-27 17:37:00,591.36,590.9401,590.9401,590.965,88596.0
1123,2024-12-27 17:38:00,590.96,590.7647,590.7647,590.885,153833.0
1124,2024-12-27 17:39:00,590.9,590.895,590.895,591.04,77663.0
1125,2024-12-27 17:40:00,591.07,591.03,591.03,591.16,85532.0
1126,2024-12-27 17:41:00,591.18,591.16,591.16,591.61,106920.0
1127,2024-12-27 17:42:00,591.63,591.4,591.4,591.43,55004.0
1128,2024-12-27 17:43:00,591.44,591.338,591.338,591.38,47173.0
1129,2024-12-27 17:44:00,591.4,591.3301,591.3301,591.52,27728.0
1130,2024-12-27 17:45:00,591.52,591.4,591.4,591.4801,63942.0
1131,2024-12-27 17:46:00,591.49,591.43,591.43,591.45,113077.0
1132,2024-12-27 17:47:00,591.4,591.01,591.01,591.1,57182.0
1133,2024-12-27 17:48:00,591.1098,591.035,591.035,591.1099,45554.0
1134,2024-12-27 17:49:00,591.11,591.05,591.05,591.2001,49996.0
1135,2024-12-27 17:50:00,591.21,591.21,591.21,591.37,31847.0
1136,2024-12-27 17:51:00,591.37,591.29,591.29,591.51,31184.0
1137,2024-12-27 17:52:00,591.57,591.49,591.49,591.63,33857.0
1138,2024-12-27 17:53:00,591.65,591.65,591.65,591.8049,49061.0
1139,2024-12-27 17:54:00,591.79,591.7177,591.7177,591.91,56108.0
1140,2024-12-27 17:55:00,591.88,591.76,591.76,591.95,115214.0
1141,2024-12-27 17:56:00,591.959,591.9,591.9,591.99,52535.0
1142,2024-12-27 17:57:00,591.9665,591.93,591.93,592.05,49377.0
1143,2024-12-27 17:58:00,592.04,591.9646,591.9646,592.085,42949.0
1144,2024-12-27 17:59:00,592.0897,592.03,592.03,592.1,78334.0
1145,2024-12-27 18:00:00,592.08,592.05,592.05,592.37,3547565.0
1146,2024-12-27 18:01:00,592.349,592.3301,592.3301,592.42,90454.0
1147,2024-12-27 18:02:00,592.42,592.28,592.28,592.46,72582.0
1148,2024-12-27 18:03:00,592.45,592.371,592.371,592.4301,52682.0
1149,2024-12-27 18:04:00,592.45,592.45,592.45,592.8301,86828.0
1150,2024-12-27 18:05:00,592.84,592.52,592.52,592.525,52251.0
1151,2024-12-27 18:06:00,592.53,592.43,592.43,592.5,46883.0
1152,2024-12-27 18:07:00,592.49,591.8701,591.8701,591.9,118935.0
1153,2024-12-27 18:08:00,591.92,591.89,591.89,591.9999,27973.0
1154,2024-12-27 18:09:00,591.98,591.94,591.94,592.1047,59708.0
1155,2024-12-27 18:10:00,592.13,592.1,592.1,592.19,33931.0
1156,2024-12-27 18:11:00,592.23,592.2101,592.2101,592.325,15592.0
1157,2024-12-27 18:12:00,592.3271,592.317,592.317,592.5,31951.0
1158,2024-12-27 18:13:00,592.48,592.4101,592.4101,592.59,40002.0
1159,2024-12-27 18:14:00,592.61,592.5,592.5,592.5,42807.0
1160,2024-12-27 18:15:00,592.5,592.495,592.495,592.74,38167.0
1161,2024-12-27 18:16:00,592.7496,592.6678,592.6678,592.7,37464.0
1162,2024-12-27 18:17:00,592.69,592.4,592.4,592.4601,41595.0
1163,2024-12-27 18:18:00,592.46,592.46,592.46,592.7192,343561.0
1164,2024-12-27 18:19:00,592.75,592.47,592.47,592.5799,26787.0
1165,2024-12-27 18:20:00,592.57,592.52,592.52,592.56,40810.0
1166,2024-12-27 18:21:00,592.57,592.44,592.44,592.56,46751.0
1167,2024-12-27 18:22:00,592.58,592.5,592.5,592.53,16742.0
1168,2024-12-27 18:23:00,592.53,592.45,592.45,592.59,19702.0
1169,2024-12-27 18:24:00,592.61,592.52,592.52,592.7699,75224.0
1170,2024-12-27 18:25:00,592.7499,592.7499,592.7499,592.8901,36845.0
1171,2024-12-27 18:26:00,592.89,592.32,592.32,592.37,78090.0
1172,2024-12-27 18:27:00,592.385,592.25,592.25,592.45,39030.0
1173,2024-12-27 18:28:00,592.46,592.4401,592.4401,592.52,39477.0
1174,2024-12-27 18:29:00,592.52,592.48,592.48,592.54,28684.0
1175,2024-12-27 18:30:00,592.5266,592.33,592.33,592.53,35738.0
1176,2024-12-27 18:31:00,592.54,592.52,592.52,592.7401,564508.0
1177,2024-12-27 18:32:00,592.75,592.66,592.66,592.66,26148.0
1178,2024-12-27 18:33:00,592.65,592.614,592.614,592.82,21111.0
1179,2024-12-27 18:34:00,592.824,592.82,592.82,593.01,34354.0
1180,2024-12-27 18:35:00,592.97,592.815,592.815,592.85,53674.0
1181,2024-12-27 18:36:00,592.87,592.87,592.87,593.14,64282.0
1182,2024-12-27 18:37:00,593.12,593.0,593.0,593.03,36988.0
1183,2024-12-27 18:38:00,593.01,592.965,592.965,593.0,38105.0
1184,2024-12-27 18:39:00,593.019,592.96,592.96,593.05,30498.0
1185,2024-12-27 18:40:00,593.04,593.04,593.04,593.36,53278.0
1186,2024-12-27 18:41:00,593.3599,593.18,593.18,593.195,67687.0
1187,2024-12-27 18:42:00,593.17,593.15,593.15,593.2501,43571.0
1188,2024-12-27 18:43:00,593.23,593.11,593.11,593.2,57829.0
1189,2024-12-27 18:44:00,593.23,593.18,593.18,593.35,18743.0
1190,2024-12-27 18:45:00,593.36,593.23,593.23,593.4359,40659.0
1191,2024-12-27 18:46:00,593.47,593.25,593.25,593.32,58404.0
1192,2024-12-27 18:47:00,593.29,592.91,592.91,592.98,71808.0
1193,2024-12-27 18:48:00,592.98,592.98,592.98,593.3,43219.0
1194,2024-12-27 18:49:00,593.29,593.12,593.12,593.19,27273.0
1195,2024-12-27 18:50:00,593.2,593.17,593.17,593.54,39410.0
1196,2024-12-27 18:51:00,593.54,593.4,593.4,593.56,69588.0
1197,2024-12-27 18:52:00,593.59,593.59,593.59,593.72,91232.0
1198,2024-12-27 18:53:00,593.68,593.63,593.63,593.65,49320.0
1199,2024-12-27 18:54:00,593.63,593.5607,593.5607,593.87,54125.0
1200,2024-12-27 18:55:00,593.89,593.86,593.86,593.9601,113996.0
1201,2024-12-27 18:56:00,593.96,593.85,593.85,593.93,71967.0
1202,2024-12-27 18:57:00,593.93,593.86,593.86,594.0099,36056.0
1203,2024-12-27 18:58:00,594.0099,593.97,593.97,594.07,61238.0
1204,2024-12-27 18:59:00,594.07,593.93,593.93,594.01,50913.0
1205,2024-12-27 19:00:00,593.97,593.76,593.76,593.9,92213.0
1206,2024-12-27 19:01:00,593.92,593.6221,593.6221,593.86,61585.0
1207,2024-12-27 19:02:00,593.88,593.74,593.74,593.77,47471.0
1208,2024-12-27 19:03:00,593.73,593.71,593.71,593.83,43504.0
1209,2024-12-27 19:04:00,593.84,593.69,593.69,593.82,39113.0
1210,2024-12-27 19:05:00,593.7859,593.7601,593.7601,594.03,74472.0
1211,2024-12-27 19:06:00,594.01,593.9701,593.9701,594.25,93668.0
1212,2024-12-27 19:07:00,594.23,593.98,593.98,594.06,79921.0
1213,2024-12-27 19:08:00,594.04,593.965,593.965,594.14,68689.0
1214,2024-12-27 19:09:00,594.14,593.99,593.99,594.09,44396.0
1215,2024-12-27 19:10:00,594.07,594.02,594.02,594.36,67076.0
1216,2024-12-27 19:11:00,594.33,594.14,594.14,594.17,36647.0
1217,2024-12-27 19:12:00,594.16,594.15,594.15,594.33,23378.0
1218,2024-12-27 19:13:00,594.32,594.08,594.08,594.2227,40820.0
1219,2024-12-27 19:14:00,594.22,594.11,594.11,594.145,34491.0
1220,2024-12-27 19:15:00,594.14,594.0401,594.0401,594.18,85764.0
1221,2024-12-27 19:16:00,594.18,594.02,594.02,594.16,62750.0
1222,2024-12-27 19:17:00,594.15,594.12,594.12,594.38,55702.0
1223,2024-12-27 19:18:00,594.38,594.25,594.25,594.33,68297.0
1224,2024-12-27 19:19:00,594.35,594.33,594.33,594.6299,102840.0
1225,2024-12-27 19:20:00,594.63,594.45,594.45,594.47,85385.0
1226,2024-12-27 19:21:00,594.48,594.27,594.27,594.31,82287.0
1227,2024-12-27 19:22:00,594.32,594.2,594.2,594.26,51588.0
1228,2024-12-27 19:23:00,594.23,593.82,593.82,593.89,105121.0
1229,2024-12-27 19:24:00,593.89,593.88,593.88,594.1,72135.0
1230,2024-12-27 19:25:00,594.1,593.87,593.87,593.94,59297.0
1231,2024-12-27 19:26:00,593.96,593.81,593.81,593.89,61447.0
1232,2024-12-27 19:27:00,593.92,593.82,593.82,593.97,60225.0
1233,2024-12-27 19:28:00,593.96,593.93,593.93,593.93,106227.0
1234,2024-12-27 19:29:00,593.93,593.905,593.905,593.97,81473.0
1235,2024-12-27 19:30:00,593.97,593.8,593.8,593.8679,72114.0
1236,2024-12-27 19:31:00,593.86,593.75,593.75,593.95,68600.0
1237,2024-12-27 19:32:00,593.97,593.94,593.94,594.1397,67890.0
1238,2024-12-27 19:33:00,594.13,594.04,594.04,594.28,60564.0
1239,2024-12-27 19:34:00,594.27,594.1,594.1,594.27,50025.0
1240,2024-12-27 19:35:00,594.27,594.27,594.27,594.491,98086.0
1241,2024-12-27 19:36:00,594.5,594.36,594.36,594.43,41211.0
1242,2024-12-27 19:37:00,594.44,594.36,594.36,594.5,45845.0
1243,2024-12-27 19:38:00,594.519,594.36,594.36,594.36,36121.0
1244,2024-12-27 19:39:00,594.38,594.32,594.32,594.46,54118.0
1245,2024-12-27 19:40:00,594.48,594.47,594.47,594.78,101409.0
1246,2024-12-27 19:41:00,594.75,594.7,594.7,594.91,74899.0
1247,2024-12-27 19:42:00,594.92,594.66,594.66,594.68,50483.0
1248,2024-12-27 19:43:00,594.68,594.66,594.66,594.7999,40682.0
1249,2024-12-27 19:44:00,594.8,594.725,594.725,594.88,64889.0
1250,2024-12-27 19:45:00,594.89,594.88,594.88,595.0,129838.0
1251,2024-12-27 19:46:00,595.01,594.91,594.91,594.9601,51563.0
1252,2024-12-27 19:47:00,594.96,594.86,594.86,594.87,38033.0
1253,2024-12-27 19:48:00,594.81,594.73,594.73,595.0875,34394.0
1254,2024-12-27 19:49:00,595.085,594.97,594.97,595.0099,30426.0
1255,2024-12-27 19:50:00,595.005,594.84,594.84,594.85,47098.0
1256,2024-12-27 19:51:00,594.85,594.76,594.76,594.884,25046.0
1257,2024-12-27 19:52:00,594.88,594.8,594.8,594.93,38074.0
1258,2024-12-27 19:53:00,594.93,594.8601,594.8601,594.95,75975.0
1259,2024-12-27 19:54:00,594.95,594.85,594.85,594.865,104678.0
1260,2024-12-27 19:55:00,594.86,594.805,594.805,595.19,146774.0
1261,2024-12-27 19:56:00,595.2,595.18,595.18,595.38,100380.0
1262,2024-12-27 19:57:00,595.3816,595.35,595.35,595.43,76837.0
1263,2024-12-27 19:58:00,595.4,595.17,595.17,595.22,42774.0
1264,2024-12-27 19:59:00,595.22,595.15,595.15,595.26,73679.0
1265,2024-12-27 20:00:00,595.26,595.02,595.02,595.04,58547.0
1266,2024-12-27 20:01:00,595.06,594.99,594.99,595.04,46001.0
1267,2024-12-27 20:02:00,595.05,594.62,594.62,594.6799,65823.0
1268,2024-12-27 20:03:00,594.6699,594.48,594.48,594.5217,83836.0
1269,2024-12-27 20:04:00,594.51,594.3537,594.3537,594.5901,51500.0
1270,2024-12-27 20:05:00,594.61,594.44,594.44,594.51,170881.0
1271,2024-12-27 20:06:00,594.48,594.15,594.15,594.1737,193339.0
1272,2024-12-27 20:07:00,594.17,593.98,593.98,594.42,90289.0
1273,2024-12-27 20:08:00,594.43,594.411,594.411,594.738,204433.0
1274,2024-12-27 20:09:00,594.75,594.62,594.62,594.62,48301.0
1275,2024-12-27 20:10:00,594.63,594.19,594.19,594.25,73711.0
1276,2024-12-27 20:11:00,594.25,593.99,593.99,594.04,74540.0
1277,2024-12-27 20:12:00,594.02,593.96,593.96,594.055,73010.0
1278,2024-12-27 20:13:00,594.04,593.61,593.61,593.65,121865.0
1279,2024-12-27 20:14:00,593.64,593.36,593.36,593.5599,205230.0
1280,2024-12-27 20:15:00,593.55,593.43,593.43,593.45,50323.0
1281,2024-12-27 20:16:00,593.48,593.44,593.44,593.5307,77701.0
1282,2024-12-27 20:17:00,593.4836,593.45,593.45,593.61,106514.0
1283,2024-12-27 20:18:00,593.58,593.54,593.54,593.62,73445.0
1284,2024-12-27 20:19:00,593.61,593.57,593.57,593.57,61600.0
1285,2024-12-27 20:20:00,593.59,593.49,593.49,593.52,46621.0
1286,2024-12-27 20:21:00,593.52,593.1801,593.1801,593.29,73934.0
1287,2024-12-27 20:22:00,593.28,593.24,593.24,593.28,55165.0
1288,2024-12-27 20:23:00,593.28,593.27,593.27,593.5099,178629.0
1289,2024-12-27 20:24:00,593.49,593.38,593.38,593.47,106703.0
1290,2024-12-27 20:25:00,593.48,593.39,593.39,593.6,64224.0
1291,2024-12-27 20:26:00,593.61,593.52,593.52,593.56,59074.0
1292,2024-12-27 20:27:00,593.54,593.45,593.45,593.5001,56083.0
1293,2024-12-27 20:28:00,593.5,593.401,593.401,593.72,72727.0
1294,2024-12-27 20:29:00,593.7,593.63,593.63,593.65,74319.0
1295,2024-12-27 20:30:00,593.66,593.49,593.49,593.53,94743.0
1296,2024-12-27 20:31:00,593.52,593.24,593.24,593.28,290788.0
1297,2024-12-27 20:32:00,593.29,593.29,593.29,593.4401,67637.0
1298,2024-12-27 20:33:00,593.44,593.34,593.34,593.53,65074.0
1299,2024-12-27 20:34:00,593.545,593.28,593.28,593.47,54031.0
1300,2024-12-27 20:35:00,593.44,593.285,593.285,593.3,76832.0
1301,2024-12-27 20:36:00,593.27,593.11,593.11,593.34,93447.0
1302,2024-12-27 20:37:00,593.34,593.055,593.055,593.12,89121.0
1303,2024-12-27 20:38:00,593.13,593.09,593.09,593.26,112135.0
1304,2024-12-27 20:39:00,593.2677,593.11,593.11,593.14,171063.0
1305,2024-12-27 20:40:00,593.14,593.06,593.06,593.13,123580.0
1306,2024-12-27 20:41:00,593.12,593.06,593.06,593.09,191560.0
1307,2024-12-27 20:42:00,593.1,592.93,592.93,592.99,187378.0
1308,2024-12-27 20:43:00,593.02,592.72,592.72,592.75,213284.0
1309,2024-12-27 20:44:00,592.75,592.54,592.54,592.71,220592.0
1310,2024-12-27 20:45:00,592.71,592.71,592.71,592.775,496774.0
1311,2024-12-27 20:46:00,592.78,592.72,592.72,592.81,247066.0
1312,2024-12-27 20:47:00,592.83,592.81,592.81,593.06,277171.0
1313,2024-12-27 20:48:00,593.09,593.08,593.08,593.42,232867.0
1314,2024-12-27 20:49:00,593.42,593.18,593.18,593.6799,171909.0
1315,2024-12-27 20:50:00,593.69,593.6,593.6,594.63,652464.0
1316,2024-12-27 20:51:00,594.61,594.55,594.55,595.25,1066776.0
1317,2024-12-27 20:52:00,595.245,594.67,594.67,595.0,631776.0
1318,2024-12-27 20:53:00,594.99,594.94,594.94,595.29,403042.0
1319,2024-12-27 20:54:00,595.26,594.41,594.41,594.63,659235.0
1320,2024-12-27 20:55:00,594.64,594.15,594.15,594.445,512867.0
1321,2024-12-27 20:56:00,594.45,594.18,594.18,594.47,526280.0
1322,2024-12-27 20:57:00,594.49,594.44,594.44,594.76,685324.0
1323,2024-12-27 20:58:00,594.76,594.51,594.51,594.67,769209.0
1324,2024-12-27 20:59:00,594.66,594.51,594.51,594.99,2714096.0
1325,2024-12-27 21:00:00,595.0,594.95,594.95,595.12,208120.0
1326,2024-12-27 21:01:00,595.13,594.92,594.92,595.01,78884.0
1327,2024-12-27 21:02:00,595.0,594.85,594.85,595.05,20050.0
1328,2024-12-27 21:03:00,595.01,594.6161,594.6161,595.16,707322.0
1329,2024-12-27 21:04:00,595.15,595.15,595.15,595.2,16688.0
1330,2024-12-27 21:05:00,595.2,595.15,595.15,595.15,8634.0
1331,2024-12-27 21:06:00,595.16,594.66,594.66,594.66,1362413.0
1332,2024-12-27 21:07:00,595.16,595.07,595.07,595.16,651457.0
1333,2024-12-27 21:08:00,595.17,594.98,594.98,595.04,16695.0
1334,2024-12-27 21:09:00,595.08,595.01,595.01,595.04,6062.0
1335,2024-12-27 21:10:00,595.02,594.95,594.95,594.97,132519.0
1336,2024-12-27 21:11:00,595.06,594.94,594.94,594.95,4066.0
1337,2024-12-27 21:12:00,595.0,594.99,594.99,594.99,4769695.0
1338,2024-12-27 21:13:00,594.99,594.9,594.9,595.04,159059.0
1339,2024-12-27 21:14:00,595.04,595.04,595.04,595.1,25115.0
1340,2024-12-27 21:15:00,595.11,595.05,595.05,595.07,1006744.0
1341,2024-12-27 21:16:00,595.09,595.05,595.05,595.05,5719.0
1342,2024-12-27 21:17:00,595.06,595.03,595.03,595.05,2121.0
1343,2024-12-27 21:18:00,595.05,594.96,594.96,595.01,46624.0
1344,2024-12-27 21:19:00,595.03,594.96,594.96,595.0,18174.0
1345,2024-12-27 21:20:00,594.97,594.89,594.89,594.94,29043.0
1346,2024-12-27 21:21:00,594.9,594.82,594.82,594.91,6902.0
1347,2024-12-27 21:22:00,594.93,594.91,594.91,594.91,1924.0
1348,2024-12-27 21:23:00,594.94,594.92,594.92,594.92,1788.0
1349,2024-12-27 21:24:00,594.91,594.91,594.91,594.96,2447.0
1350,2024-12-27 21:25:00,594.979,594.95,594.95,595.0,16586.0
1351,2024-12-27 21:26:00,595.0,594.99,594.99,594.99,1694.0
1352,2024-12-27 21:27:00,595.0,595.0,595.0,595.04,3031.0
1353,2024-12-27 21:28:00,595.09,595.09,595.09,595.1,4300.0
1354,2024-12-27 21:29:00,595.1,595.1,595.1,595.1,140518.0
1355,2024-12-27 21:30:00,595.1,595.06,595.06,595.1,12922.0
1356,2024-12-27 21:31:00,595.11,595.09,595.09,595.11,27117.0
1357,2024-12-27 21:32:00,595.09,595.08,595.08,595.08,1395.0
1358,2024-12-27 21:33:00,595.08,595.04,595.04,595.04,4084.0
1359,2024-12-27 21:34:00,595.04,595.04,595.04,595.06,1151.0
1360,2024-12-27 21:35:00,595.07,595.07,595.07,595.1,9461.0
1361,2024-12-27 21:36:00,595.09,595.09,595.09,595.09,748.0
1362,2024-12-27 21:37:00,595.09,595.08,595.08,595.08,5715.0
1363,2024-12-27 21:38:00,595.08,595.07,595.07,595.07,8049.0
1364,2024-12-27 21:39:00,595.07,595.02,595.02,595.02,6279.0
1365,2024-12-27 21:40:00,595.02,595.01,595.01,595.01,1375.0
1366,2024-12-27 21:41:00,595.0,594.9901,594.9901,594.9901,1771.0
1367,2024-12-27 21:43:00,595.02,595.02,595.02,595.02,427.0
1368,2024-12-27 21:44:00,595.03,594.99,594.99,594.99,1614.0
1369,2024-12-27 21:45:00,595.04,595.04,595.04,595.0401,2180.0
1370,2024-12-27 21:46:00,595.04,595.04,595.04,595.04,273.0
1371,2024-12-27 21:47:00,595.05,595.05,595.05,595.05,3952.0
1372,2024-12-27 21:48:00,595.05,595.03,595.03,595.05,2150.0
1373,2024-12-27 21:49:00,595.06,594.95,594.95,594.95,3181.0
1374,2024-12-27 21:50:00,595.02,595.02,595.02,595.02,1422.0
1375,2024-12-27 21:51:00,595.06,595.06,595.06,595.06,1162.0
1376,2024-12-27 21:54:00,595.01,595.01,595.01,595.01,398979.0
1377,2024-12-27 21:55:00,595.01,594.99,594.99,594.99,14121.0
1378,2024-12-27 21:56:00,594.96,594.96,594.96,595.06,1646.0
1379,2024-12-27 21:57:00,595.05,595.05,595.05,595.05,654.0
1380,2024-12-27 21:58:00,595.06,595.03,595.03,595.03,13686.0
1381,2024-12-27 21:59:00,595.03,595.01,595.01,595.01,26144.0
1382,2024-12-27 22:00:00,595.01,595.01,595.01,595.01,738.0
1383,2024-12-27 22:02:00,595.01,595.01,595.01,595.02,362.0
1384,2024-12-27 22:03:00,595.02,595.02,595.02,595.02,544.0
1385,2024-12-27 22:04:00,595.02,595.02,595.02,595.02,408.0
1386,2024-12-27 22:06:00,595.02,595.01,595.01,595.01,1181.0
1387,2024-12-27 22:07:00,595.04,595.04,595.04,595.04,4875.0
1388,2024-12-27 22:08:00,595.04,595.04,595.04,595.04,223.0
1389,2024-12-27 22:09:00,595.0,595.0,595.0,595.0,427.0
1390,2024-12-27 22:12:00,594.98,594.98,594.98,595.04,1282.0
1391,2024-12-27 22:13:00,595.04,594.97,594.97,595.04,3190.0
1392,2024-12-27 22:14:00,595.04,595.04,595.04,595.04,1791.0
1393,2024-12-27 22:17:00,594.99,594.99,594.99,595.02,1434.0
1394,2024-12-27 22:18:00,595.02,595.02,595.02,595.02,656.0
1395,2024-12-27 22:19:00,595.04,595.04,595.04,595.04,273.0
1396,2024-12-27 22:20:00,595.04,595.04,595.04,595.04,236.0
1397,2024-12-27 22:21:00,595.0,595.0,595.0,595.0,1015.0
1398,2024-12-27 22:22:00,595.04,595.04,595.04,595.04,205.0
1399,2024-12-27 22:23:00,595.04,594.98,594.98,595.05,899.0
1400,2024-12-27 22:25:00,595.01,595.01,595.01,595.01,1007.0
1401,2024-12-27 22:26:00,594.98,594.98,594.98,594.98,248.0
1402,2024-12-27 22:28:00,595.0,595.0,595.0,595.0,428.0
1403,2024-12-27 22:30:00,594.98,594.98,594.98,594.98,2842.0
1404,2024-12-27 22:35:00,595.01,595.01,595.01,595.01,1859.0
1405,2024-12-27 22:38:00,595.01,595.01,595.01,595.01,1115.0
1406,2024-12-27 22:39:00,595.01,595.01,595.01,595.01,219.0
1407,2024-12-27 22:44:00,595.0,595.0,595.0,595.0,320.0
1408,2024-12-27 22:45:00,594.95,594.95,594.95,594.95,118.0
1409,2024-12-27 22:47:00,594.95,594.95,594.95,594.95,641.0
1410,2024-12-27 22:49:00,594.95,594.95,594.95,594.9502,332.0
1411,2024-12-27 22:50:00,594.99,594.99,594.99,595.01,2153.0
1412,2024-12-27 22:51:00,595.0,594.95,594.95,594.95,2217.0
1413,2024-12-27 22:52:00,594.99,594.95,594.95,594.95,2331.0
1414,2024-12-27 22:54:00,595.0,595.0,595.0,595.0,1030.0
1415,2024-12-27 22:57:00,594.99,594.99,594.99,595.0,859.0
1416,2024-12-27 22:58:00,595.01,595.01,595.01,595.01,309.0
1417,2024-12-27 23:00:00,595.0,595.0,595.0,595.0,2004.0
1418,2024-12-27 23:02:00,594.96,594.96,594.96,594.96,322.0
1419,2024-12-27 23:04:00,595.0,595.0,595.0,595.0,363.0
1420,2024-12-27 23:06:00,594.97,594.95,594.95,595.0,6027.0
1421,2024-12-27 23:07:00,594.95,594.92,594.92,594.92,1611.0
1422,2024-12-27 23:09:00,594.92,594.92,594.92,594.95,4315.0
1423,2024-12-27 23:12:00,594.97,594.97,594.97,594.99,1023.0
1424,2024-12-27 23:13:00,595.0,595.0,595.0,595.0,515.0
1425,2024-12-27 23:14:00,595.0,594.99,594.99,594.99,1566.0
1426,2024-12-27 23:15:00,595.0,595.0,595.0,595.0,529.0
1427,2024-12-27 23:17:00,595.0,595.0,595.0,595.0,219.0
1428,2024-12-27 23:19:00,595.0,595.0,595.0,595.01,384.0
1429,2024-12-27 23:20:00,595.0,595.0,595.0,595.0,109.0
1430,2024-12-27 23:21:00,595.0,595.0,595.0,595.0,539.0
1431,2024-12-27 23:23:00,595.0,595.0,595.0,595.0,2802.0
1432,2024-12-27 23:24:00,595.0,595.0,595.0,595.0,1558.0
1433,2024-12-27 23:25:00,595.0,595.0,595.0,595.0,239.0
1434,2024-12-27 23:27:00,594.95,594.92,594.92,594.92,5192.0
1435,2024-12-27 23:28:00,594.92,594.92,594.92,594.92,222.0
1436,2024-12-27 23:33:00,594.92,594.92,594.92,594.92,512.0
1437,2024-12-27 23:34:00,594.92,594.92,594.92,594.92,182.0
1438,2024-12-27 23:36:00,594.92,594.92,594.92,594.92,300.0
1439,2024-12-27 23:39:00,594.92,594.92,594.92,594.92,305.0
1440,2024-12-27 23:43:00,594.94,594.94,594.94,594.94,517.0
1441,2024-12-27 23:45:00,594.92,594.92,594.92,594.92,230.0
1442,2024-12-27 23:52:00,594.92,594.92,594.92,594.92,414.0
1443,2024-12-27 23:56:00,594.92,594.92,594.92,594.92,461.0
1444,2024-12-27 23:57:00,594.92,594.92,594.92,594.92,132.0
1445,2024-12-28 00:00:00,594.92,594.92,594.92,594.92,1082.0
1446,2024-12-28 00:01:00,594.92,594.92,594.92,594.92,531.0
1447,2024-12-28 00:02:00,594.92,594.92,594.92,594.92,527.0
1448,2024-12-28 00:03:00,594.94,594.94,594.94,594.95,1930.0
1449,2024-12-28 00:05:00,594.94,594.94,594.94,594.94,183.0
1450,2024-12-28 00:12:00,594.92,594.92,594.92,594.93,406.0
1451,2024-12-28 00:14:00,594.9201,594.9201,594.9201,594.9201,735.0
1452,2024-12-28 00:15:00,594.94,594.94,594.94,594.9499,803.0
1453,2024-12-28 00:21:00,594.95,594.95,594.95,594.95,316.0
1454,2024-12-28 00:24:00,594.92,594.92,594.92,594.92,640.0
1455,2024-12-28 00:26:00,594.92,594.92,594.92,594.92,467.0
1456,2024-12-28 00:33:00,594.94,594.94,594.94,594.94,706.0
1457,2024-12-28 00:34:00,594.94,594.94,594.94,594.95,3983.0
1458,2024-12-28 00:37:00,595.0,595.0,595.0,595.0,282.0
1459,2024-12-28 00:39:00,594.99,594.98,594.98,595.01,1629.0
1460,2024-12-28 00:41:00,595.01,595.01,595.01,595.01,242.0
1461,2024-12-28 00:42:00,595.0,595.0,595.0,595.0,422.0
1462,2024-12-28 00:45:00,595.01,595.01,595.01,595.01,227.0
1463,2024-12-28 00:46:00,595.0,594.96,594.96,594.96,736.0
1464,2024-12-28 00:49:00,594.98,594.98,594.98,595.0,941.0
1465,2024-12-28 00:50:00,594.98,594.98,594.98,595.01,292.0
1466,2024-12-28 00:52:00,594.99,594.99,594.99,595.01,1110.0
1467,2024-12-28 00:53:00,595.0885,595.05,595.05,595.08,707.0
1468,2024-12-28 00:55:00,595.03,595.03,595.03,595.03,425.0
1469,2024-12-28 00:56:00,595.03,595.0,595.0,595.02,1055.0
1470,2024-12-28 00:58:00,595.02,595.0,595.0,595.0,340.0
1471,2024-12-28 00:59:00,595.0,595.0,595.0,595.03,1764.0
