,timestamp,open,high,low,close,volume
0,2024-11-08 09:00:00,596.37,596.3,596.3,596.37,1759.0
1,2024-11-08 09:01:00,596.3,596.25,596.25,596.27,3552.0
2,2024-11-08 09:02:00,596.31,596.3,596.3,596.32,1711.0
3,2024-11-08 09:03:00,596.31,596.31,596.31,596.36,736.0
4,2024-11-08 09:05:00,596.28,596.28,596.28,596.3,916.0
5,2024-11-08 09:06:00,596.36,596.36,596.36,596.36,608.0
6,2024-11-08 09:07:00,596.33,596.33,596.33,596.42,2319.0
7,2024-11-08 09:08:00,596.4,596.4,596.4,596.47,660.0
8,2024-11-08 09:09:00,596.46,596.46,596.46,596.46,594.0
9,2024-11-08 09:10:00,596.47,596.47,596.47,596.49,720.0
10,2024-11-08 09:11:00,596.53,596.46,596.46,596.46,649.0
11,2024-11-08 09:12:00,596.5,596.5,596.5,596.56,560.0
12,2024-11-08 09:13:00,596.53,596.53,596.53,596.57,896.0
13,2024-11-08 09:14:00,596.61,596.61,596.61,596.61,698.0
14,2024-11-08 09:15:00,596.68,596.68,596.68,596.68,271.0
15,2024-11-08 09:16:00,596.58,596.58,596.58,596.58,335.0
16,2024-11-08 09:17:00,596.56,596.52,596.52,596.52,622.0
17,2024-11-08 09:20:00,596.6,596.51,596.51,596.51,279.0
18,2024-11-08 09:22:00,596.63,596.63,596.63,596.63,246.0
19,2024-11-08 09:24:00,596.55,596.55,596.55,596.55,323.0
20,2024-11-08 09:25:00,596.61,596.61,596.61,596.61,433.0
21,2024-11-08 09:26:00,596.6,596.6,596.6,596.6,356.0
22,2024-11-08 09:32:00,596.57,596.57,596.57,596.63,763.0
23,2024-11-08 09:34:00,596.62,596.56,596.56,596.56,666.0
24,2024-11-08 09:35:00,596.57,596.57,596.57,596.63,395.0
25,2024-11-08 09:36:00,596.59,596.59,596.59,596.59,362.0
26,2024-11-08 09:37:00,596.63,596.63,596.63,596.63,116.0
27,2024-11-08 09:38:00,596.59,596.59,596.59,596.59,308.0
28,2024-11-08 09:39:00,596.6,596.6,596.6,596.6,460.0
29,2024-11-08 09:41:00,596.67,596.67,596.67,596.67,415.0
30,2024-11-08 09:45:00,596.56,596.56,596.56,596.56,464.0
31,2024-11-08 09:46:00,596.57,596.47,596.47,596.47,353.0
32,2024-11-08 09:47:00,596.43,596.42,596.42,596.42,1577.0
33,2024-11-08 09:56:00,596.34,596.34,596.34,596.34,3322.0
34,2024-11-08 09:57:00,596.41,596.4,596.4,596.41,1960.0
35,2024-11-08 09:58:00,596.4,596.4,596.4,596.42,437.0
36,2024-11-08 10:01:00,596.29,596.23,596.23,596.29,2242.0
37,2024-11-08 10:02:00,596.21,596.21,596.21,596.21,661.0
38,2024-11-08 10:05:00,596.28,596.28,596.28,596.28,112.0
39,2024-11-08 10:07:00,596.1,596.1,596.1,596.1,422.0
40,2024-11-08 10:08:00,596.06,596.04,596.04,596.04,1169.0
41,2024-11-08 10:09:00,596.09,596.09,596.09,596.09,657.0
42,2024-11-08 10:10:00,596.07,596.07,596.07,596.07,428.0
43,2024-11-08 10:11:00,596.03,595.93,595.93,595.93,985.0
44,2024-11-08 10:12:00,595.98,595.98,595.98,596.06,563.0
45,2024-11-08 10:13:00,596.0,595.95,595.95,595.95,819.0
46,2024-11-08 10:15:00,595.99,595.98,595.98,596.1,822.0
47,2024-11-08 10:16:00,596.1,596.1,596.1,596.1,346.0
48,2024-11-08 10:17:00,596.03,596.03,596.03,596.05,583.0
49,2024-11-08 10:18:00,596.17,596.17,596.17,596.17,165.0
50,2024-11-08 10:20:00,596.11,596.11,596.11,596.11,265.0
51,2024-11-08 10:22:00,596.03,596.0,596.0,596.0,658.0
52,2024-11-08 10:23:00,595.98,595.98,595.98,595.99,2759.0
53,2024-11-08 10:24:00,596.01,595.95,595.95,595.95,1018.0
54,2024-11-08 10:25:00,595.99,595.99,595.99,595.99,423.0
55,2024-11-08 10:26:00,595.99,595.99,595.99,595.99,381.0
56,2024-11-08 10:27:00,595.99,595.9,595.9,595.9,30520.0
57,2024-11-08 10:28:00,595.87,595.87,595.87,595.87,841.0
58,2024-11-08 10:29:00,595.89,595.89,595.89,595.91,272.0
59,2024-11-08 10:30:00,595.8,595.49,595.49,595.49,7739.0
60,2024-11-08 10:31:00,595.52,595.47,595.47,595.57,3529.0
61,2024-11-08 10:32:00,595.57,595.52,595.52,595.56,866.0
62,2024-11-08 10:33:00,595.53,595.45,595.45,595.45,631.0
63,2024-11-08 10:34:00,595.53,595.53,595.53,595.54,302.0
64,2024-11-08 10:35:00,595.55,595.55,595.55,595.57,765.0
65,2024-11-08 10:36:00,595.56,595.53,595.53,595.53,887.0
66,2024-11-08 10:37:00,595.4,595.34,595.34,595.34,1675.0
67,2024-11-08 10:38:00,595.26,595.26,595.26,595.26,670.0
68,2024-11-08 10:39:00,595.22,595.22,595.22,595.22,480.0
69,2024-11-08 10:40:00,595.18,595.18,595.18,595.18,633.0
70,2024-11-08 10:41:00,595.17,595.1,595.1,595.12,913.0
71,2024-11-08 10:42:00,595.18,595.18,595.18,595.21,1402.0
72,2024-11-08 10:43:00,595.26,595.2,595.2,595.2,571.0
73,2024-11-08 10:44:00,595.17,595.04,595.04,595.04,860.0
74,2024-11-08 10:45:00,595.14,594.93,594.93,594.93,2809.0
75,2024-11-08 10:46:00,594.9,594.9,594.9,594.9,1074.0
76,2024-11-08 10:47:00,594.99,594.94,594.94,595.0,2424.0
77,2024-11-08 10:48:00,594.9,594.8,594.8,594.8,2600.0
78,2024-11-08 10:50:00,594.89,594.89,594.89,595.02,2367.0
79,2024-11-08 10:51:00,595.08,594.92,594.92,595.05,2563.0
80,2024-11-08 10:52:00,595.06,595.06,595.06,595.06,611.0
81,2024-11-08 10:53:00,594.97,594.97,594.97,594.97,432.0
82,2024-11-08 10:54:00,594.9,594.86,594.86,594.86,1041.0
83,2024-11-08 10:55:00,594.88,594.88,594.88,594.88,819.0
84,2024-11-08 10:57:00,594.95,594.95,594.95,595.05,1160.0
85,2024-11-08 10:58:00,595.13,595.1,595.1,595.1,502.0
86,2024-11-08 11:00:00,595.03,595.02,595.02,595.02,771.0
87,2024-11-08 11:01:00,594.97,594.97,594.97,594.97,277.0
88,2024-11-08 11:02:00,594.9,594.9,594.9,594.93,631.0
89,2024-11-08 11:03:00,594.95,594.85,594.85,594.85,1854.0
90,2024-11-08 11:04:00,594.85,594.85,594.85,594.89,4320.0
91,2024-11-08 11:05:00,594.89,594.86,594.86,594.86,743.0
92,2024-11-08 11:06:00,594.84,594.77,594.77,594.78,1853.0
93,2024-11-08 11:07:00,594.77,594.72,594.72,594.87,2009.0
94,2024-11-08 11:08:00,594.85,594.83,594.83,594.83,5058.0
95,2024-11-08 11:09:00,594.84,594.84,594.84,594.99,1669.0
96,2024-11-08 11:10:00,595.2,595.2,595.2,595.25,427.0
97,2024-11-08 11:11:00,595.14,595.14,595.14,595.14,172.0
98,2024-11-08 11:12:00,595.11,595.11,595.11,595.11,874.0
99,2024-11-08 11:13:00,595.05,595.01,595.01,595.01,957.0
100,2024-11-08 11:14:00,595.11,595.09,595.09,595.09,2221.0
101,2024-11-08 11:15:00,595.06,595.05,595.05,595.06,1137.0
102,2024-11-08 11:17:00,595.21,595.21,595.21,595.21,611.0
103,2024-11-08 11:18:00,595.23,595.23,595.23,595.23,608.0
104,2024-11-08 11:21:00,595.28,595.2,595.2,595.2,1000.0
105,2024-11-08 11:23:00,595.13,595.13,595.13,595.13,171.0
106,2024-11-08 11:24:00,595.1,595.1,595.1,595.13,1146.0
107,2024-11-08 11:26:00,595.01,595.0,595.0,595.03,1453.0
108,2024-11-08 11:27:00,595.12,595.12,595.12,595.12,251.0
109,2024-11-08 11:28:00,595.21,595.21,595.21,595.21,340.0
110,2024-11-08 11:29:00,595.21,595.21,595.21,595.21,359.0
111,2024-11-08 11:31:00,595.27,595.27,595.27,595.28,4792.0
112,2024-11-08 11:32:00,595.28,595.28,595.28,595.28,1932.0
113,2024-11-08 11:33:00,595.27,595.27,595.27,595.27,605.0
114,2024-11-08 11:36:00,595.19,595.19,595.19,595.19,1221.0
115,2024-11-08 11:37:00,595.36,595.36,595.36,595.38,1962.0
116,2024-11-08 11:39:00,595.4,595.4,595.4,595.4,248.0
117,2024-11-08 11:44:00,595.32,595.32,595.32,595.33,814.0
118,2024-11-08 11:45:00,595.37,595.37,595.37,595.37,106.0
119,2024-11-08 11:47:00,595.29,595.29,595.29,595.29,636.0
120,2024-11-08 11:48:00,595.38,595.35,595.35,595.35,1920.0
121,2024-11-08 11:52:00,595.41,595.41,595.41,595.41,225.0
122,2024-11-08 11:56:00,595.37,595.37,595.37,595.37,400.0
123,2024-11-08 11:57:00,595.36,595.36,595.36,595.36,526.0
124,2024-11-08 11:59:00,595.37,595.37,595.37,595.39,318.0
125,2024-11-08 12:00:00,595.35,595.31,595.31,595.36,5002.0
126,2024-11-08 12:02:00,595.41,595.36,595.36,595.36,447.0
127,2024-11-08 12:03:00,595.38,595.38,595.38,595.41,963.0
128,2024-11-08 12:04:00,595.49,595.47,595.47,595.47,3226.0
129,2024-11-08 12:05:00,595.45,595.45,595.45,595.45,298.0
130,2024-11-08 12:06:00,595.4,595.38,595.38,595.49,2252.0
131,2024-11-08 12:07:00,595.41,595.39,595.39,595.39,1008.0
132,2024-11-08 12:08:00,595.41,595.35,595.35,595.37,1641.0
133,2024-11-08 12:09:00,595.39,595.39,595.39,595.44,2683.0
134,2024-11-08 12:10:00,595.44,595.44,595.44,595.47,28883.0
135,2024-11-08 12:11:00,595.465,595.465,595.465,595.47,8807.0
136,2024-11-08 12:12:00,595.45,595.39,595.39,595.42,2324.0
137,2024-11-08 12:13:00,595.39,595.3,595.3,595.3,1430.0
138,2024-11-08 12:14:00,595.31,595.31,595.31,595.36,964.0
139,2024-11-08 12:15:00,595.38,595.38,595.38,595.4,5247.0
140,2024-11-08 12:16:00,595.39,595.39,595.39,595.4,2830.0
141,2024-11-08 12:19:00,595.46,595.46,595.46,595.47,579.0
142,2024-11-08 12:20:00,595.48,595.48,595.48,595.48,328.0
143,2024-11-08 12:25:00,595.32,595.32,595.32,595.32,713.0
144,2024-11-08 12:26:00,595.52,595.52,595.52,595.52,4988.0
145,2024-11-08 12:27:00,595.53,595.53,595.53,595.53,393.0
146,2024-11-08 12:28:00,595.5,595.5,595.5,595.5,256.0
147,2024-11-08 12:29:00,595.54,595.54,595.54,595.54,373.0
148,2024-11-08 12:30:00,595.59,595.59,595.59,595.64,13035.0
149,2024-11-08 12:31:00,595.66,595.63,595.63,595.63,31672.0
150,2024-11-08 12:32:00,595.63,595.6,595.6,595.64,26090.0
151,2024-11-08 12:33:00,595.67,595.67,595.67,595.67,2636.0
152,2024-11-08 12:34:00,595.68,595.64,595.64,595.71,7091.0
153,2024-11-08 12:35:00,595.6,595.59,595.59,595.69,9630.0
154,2024-11-08 12:36:00,595.689,595.689,595.689,595.689,1537.0
155,2024-11-08 12:37:00,595.79,595.7,595.7,595.7,5622.0
156,2024-11-08 12:38:00,595.76,595.76,595.76,595.76,2473.0
157,2024-11-08 12:39:00,595.78,595.7,595.7,595.7,2313.0
158,2024-11-08 12:40:00,595.76,595.75,595.75,595.75,771.0
159,2024-11-08 12:41:00,595.77,595.76,595.76,595.76,772.0
160,2024-11-08 12:42:00,595.76,595.76,595.76,595.76,380.0
161,2024-11-08 12:43:00,595.72,595.72,595.72,595.77,2081.0
162,2024-11-08 12:44:00,595.8,595.8,595.8,595.81,1809.0
163,2024-11-08 12:45:00,595.8,595.8,595.8,595.84,1234.0
164,2024-11-08 12:46:00,595.9,595.9,595.9,595.9,2228.0
165,2024-11-08 12:47:00,595.87,595.84,595.84,595.84,1022.0
166,2024-11-08 12:48:00,595.84,595.72,595.72,595.73,4822.0
167,2024-11-08 12:49:00,595.73,595.7,595.7,595.7,4374.0
168,2024-11-08 12:50:00,595.69,595.69,595.69,595.87,2921.0
169,2024-11-08 12:51:00,595.89,595.85,595.85,595.88,1171.0
170,2024-11-08 12:52:00,595.88,595.8,595.8,595.8,1812.0
171,2024-11-08 12:53:00,595.86,595.86,595.86,595.86,658.0
172,2024-11-08 12:54:00,595.88,595.85,595.85,595.85,1354.0
173,2024-11-08 12:55:00,595.89,595.88,595.88,595.92,1937.0
174,2024-11-08 12:56:00,595.89,595.89,595.89,595.9,6164.0
175,2024-11-08 12:57:00,595.93,595.92,595.92,595.92,1154.0
176,2024-11-08 12:58:00,595.9,595.86,595.86,595.86,20362.0
177,2024-11-08 12:59:00,595.86,595.86,595.86,595.9,662.0
178,2024-11-08 13:00:00,595.88,594.9596,594.9596,595.83,38041.0
179,2024-11-08 13:01:00,596.42,595.77,595.77,595.82,3191.0
180,2024-11-08 13:02:00,595.9,595.88,595.88,595.88,3132.0
181,2024-11-08 13:03:00,595.9098,595.89,595.89,595.98,3188.0
182,2024-11-08 13:04:00,596.0,595.97,595.97,596.01,3860.0
183,2024-11-08 13:05:00,596.0,595.98,595.98,595.98,2940.0
184,2024-11-08 13:06:00,596.01,596.01,596.01,596.02,5651.0
185,2024-11-08 13:07:00,596.02,595.92,595.92,595.95,4678.0
186,2024-11-08 13:08:00,595.93,595.9,595.9,595.9,1945.0
187,2024-11-08 13:09:00,595.95,595.91,595.91,595.91,20091.0
188,2024-11-08 13:10:00,595.88,595.7931,595.7931,595.8,6128.0
189,2024-11-08 13:11:00,595.8,595.8,595.8,595.8,1269.0
190,2024-11-08 13:12:00,595.82,595.66,595.66,595.71,7906.0
191,2024-11-08 13:13:00,595.76,595.7,595.7,595.7,4285.0
192,2024-11-08 13:14:00,595.7,595.7,595.7,595.73,571.0
193,2024-11-08 13:15:00,595.721,595.7,595.7,595.7,2028.0
194,2024-11-08 13:16:00,595.6795,595.67,595.67,595.67,1344.0
195,2024-11-08 13:17:00,595.65,595.5902,595.5902,595.69,3251.0
196,2024-11-08 13:18:00,595.84,595.82,595.82,595.92,10114.0
197,2024-11-08 13:19:00,595.95,595.95,595.95,596.01,1294.0
198,2024-11-08 13:20:00,595.9,595.8809,595.8809,595.9,2403.0
199,2024-11-08 13:21:00,595.93,595.93,595.93,595.94,500.0
200,2024-11-08 13:22:00,595.92,595.89,595.89,595.9,780.0
201,2024-11-08 13:23:00,595.9704,595.97,595.97,596.08,1884.0
202,2024-11-08 13:24:00,596.04,596.04,596.04,596.04,489.0
203,2024-11-08 13:25:00,596.04,595.98,595.98,595.98,1555.0
204,2024-11-08 13:27:00,595.95,595.93,595.93,595.93,2048.0
205,2024-11-08 13:28:00,595.95,595.94,595.94,595.94,668.0
206,2024-11-08 13:29:00,596.01,596.01,596.01,596.04,4546.0
207,2024-11-08 13:30:00,596.01,595.96,595.96,595.96,4889.0
208,2024-11-08 13:31:00,595.89,595.8603,595.8603,595.8603,3264.0
209,2024-11-08 13:32:00,595.92,595.79,595.79,595.8,2421.0
210,2024-11-08 13:33:00,595.79,595.77,595.77,595.77,2989.0
211,2024-11-08 13:34:00,595.7801,595.7801,595.7801,595.8,9798.0
212,2024-11-08 13:37:00,595.83,595.68,595.68,595.7,3684.0
213,2024-11-08 13:38:00,595.74,595.74,595.74,595.79,488.0
214,2024-11-08 13:39:00,595.82,595.76,595.76,595.76,3226.0
215,2024-11-08 13:40:00,595.72,595.72,595.72,595.72,1268.0
216,2024-11-08 13:41:00,595.63,595.51,595.51,595.51,3516.0
217,2024-11-08 13:42:00,595.52,595.49,595.49,595.57,5322.0
218,2024-11-08 13:43:00,595.54,595.54,595.54,595.57,1711.0
219,2024-11-08 13:44:00,595.51,595.51,595.51,595.57,3535.0
220,2024-11-08 13:45:00,595.56,595.56,595.56,595.57,1549.0
221,2024-11-08 13:46:00,595.68,595.68,595.68,595.68,337.0
222,2024-11-08 13:47:00,595.69,595.62,595.62,595.63,10419.0
223,2024-11-08 13:48:00,595.61,595.6,595.6,595.6,1906.0
224,2024-11-08 13:49:00,595.62,595.62,595.62,595.62,536.0
225,2024-11-08 13:50:00,595.68,595.68,595.68,595.71,1514.0
226,2024-11-08 13:51:00,595.72,595.68,595.68,595.68,1191.0
227,2024-11-08 13:52:00,595.66,595.66,595.66,595.67,657.0
228,2024-11-08 13:53:00,595.64,595.59,595.59,595.59,6368.0
229,2024-11-08 13:54:00,595.58,595.58,595.58,595.62,1083.0
230,2024-11-08 13:55:00,595.63,595.62,595.62,595.62,712.0
231,2024-11-08 13:56:00,595.65,595.63,595.63,595.63,1465.0
232,2024-11-08 13:57:00,595.65,595.55,595.55,595.55,2308.0
233,2024-11-08 13:58:00,595.57,595.5512,595.5512,595.59,1618.0
234,2024-11-08 13:59:00,595.61,595.55,595.55,595.57,1492.0
235,2024-11-08 14:00:00,595.55,595.54,595.54,595.54,1798.0
236,2024-11-08 14:01:00,595.55,595.47,595.47,595.5,4525.0
237,2024-11-08 14:02:00,595.48,595.46,595.46,595.46,2571.0
238,2024-11-08 14:03:00,595.5,595.46,595.46,595.5804,10959.0
239,2024-11-08 14:04:00,595.54,595.48,595.48,595.48,594.0
240,2024-11-08 14:06:00,595.6,595.59,595.59,595.59,1399.0
241,2024-11-08 14:07:00,595.59,595.55,595.55,595.65,6561.0
242,2024-11-08 14:08:00,595.6494,595.6494,595.6494,595.65,529.0
243,2024-11-08 14:09:00,595.65,595.65,595.65,595.67,1635.0
244,2024-11-08 14:10:00,595.65,595.65,595.65,595.65,1859.0
245,2024-11-08 14:11:00,595.66,595.65,595.65,595.66,1955.0
246,2024-11-08 14:12:00,595.74,595.68,595.68,595.73,954.0
247,2024-11-08 14:13:00,595.72,595.7,595.7,595.71,1818.0
248,2024-11-08 14:14:00,595.7201,595.7201,595.7201,595.88,2609.0
249,2024-11-08 14:15:00,595.8401,595.8,595.8,595.8,2123.0
250,2024-11-08 14:16:00,595.83,595.81,595.81,595.8199,1510.0
251,2024-11-08 14:17:00,595.75,595.75,595.75,595.75,1053.0
252,2024-11-08 14:18:00,595.74,595.74,595.74,595.75,1264.0
253,2024-11-08 14:19:00,595.76,595.72,595.72,595.72,3297.0
254,2024-11-08 14:20:00,595.77,595.74,595.74,595.75,5433.0
255,2024-11-08 14:21:00,595.75,595.74,595.74,595.79,5938.0
256,2024-11-08 14:22:00,595.82,595.8,595.8,595.82,1339.0
257,2024-11-08 14:23:00,595.82,595.8,595.8,595.8293,6364.0
258,2024-11-08 14:24:00,595.83,595.8,595.8,595.81,14534.0
259,2024-11-08 14:25:00,595.83,595.83,595.83,595.99,15985.0
260,2024-11-08 14:26:00,595.99,595.93,595.93,595.99,6100.0
261,2024-11-08 14:27:00,595.98,595.98,595.98,596.11,22180.0
262,2024-11-08 14:28:00,596.12,596.01,596.01,596.1,25611.0
263,2024-11-08 14:29:00,596.08,596.08,596.08,596.14,33065.0
264,2024-11-08 14:30:00,596.17,596.165,596.165,596.56,500390.0
265,2024-11-08 14:31:00,596.56,596.39,596.39,596.53,205144.0
266,2024-11-08 14:32:00,596.535,596.515,596.515,596.56,101060.0
267,2024-11-08 14:33:00,596.57,596.54,596.54,596.785,296002.0
268,2024-11-08 14:34:00,596.79,596.42,596.42,596.53,153438.0
269,2024-11-08 14:35:00,596.55,596.5097,596.5097,596.5901,92638.0
270,2024-11-08 14:36:00,596.61,596.61,596.61,596.81,77448.0
271,2024-11-08 14:37:00,596.8,596.68,596.68,596.73,70406.0
272,2024-11-08 14:38:00,596.73,596.36,596.36,596.45,94853.0
273,2024-11-08 14:39:00,596.45,596.38,596.38,596.57,80686.0
274,2024-11-08 14:40:00,596.58,596.53,596.53,596.72,80400.0
275,2024-11-08 14:41:00,596.72,596.58,596.58,596.635,60099.0
276,2024-11-08 14:42:00,596.62,596.49,596.49,596.525,61561.0
277,2024-11-08 14:43:00,596.52,596.2701,596.2701,596.385,90308.0
278,2024-11-08 14:44:00,596.39,596.27,596.27,596.43,82674.0
279,2024-11-08 14:45:00,596.46,596.2801,596.2801,596.52,74225.0
280,2024-11-08 14:46:00,596.52,596.46,596.46,596.58,71264.0
281,2024-11-08 14:47:00,596.6,596.52,596.52,596.87,85945.0
282,2024-11-08 14:48:00,596.88,596.795,596.795,596.9587,144993.0
283,2024-11-08 14:49:00,596.95,596.87,596.87,596.9121,139827.0
284,2024-11-08 14:50:00,596.92,596.87,596.87,597.0,95794.0
285,2024-11-08 14:51:00,596.99,596.8,596.8,596.91,140395.0
286,2024-11-08 14:52:00,596.9,596.75,596.75,596.81,75165.0
287,2024-11-08 14:53:00,596.8,596.7917,596.7917,596.9201,43444.0
288,2024-11-08 14:54:00,596.9,596.8801,596.8801,596.99,49778.0
289,2024-11-08 14:55:00,596.99,596.94,596.94,597.0699,65679.0
290,2024-11-08 14:56:00,597.05,596.95,596.95,597.0299,67467.0
291,2024-11-08 14:57:00,597.02,596.94,596.94,597.2,84675.0
292,2024-11-08 14:58:00,597.2,597.05,597.05,597.24,108420.0
293,2024-11-08 14:59:00,597.22,597.12,597.12,597.16,105254.0
294,2024-11-08 15:00:00,597.2,597.05,597.05,597.36,136033.0
295,2024-11-08 15:01:00,597.36,597.21,597.21,597.43,133539.0
296,2024-11-08 15:02:00,597.42,597.23,597.23,597.29,94488.0
297,2024-11-08 15:03:00,597.31,597.23,597.23,597.26,72980.0
298,2024-11-08 15:04:00,597.26,596.78,596.78,596.8,187855.0
299,2024-11-08 15:05:00,596.81,596.575,596.575,596.77,162107.0
300,2024-11-08 15:06:00,596.77,596.6,596.6,596.63,106235.0
301,2024-11-08 15:07:00,596.64,596.61,596.61,596.95,92903.0
302,2024-11-08 15:08:00,596.97,596.71,596.71,596.77,41536.0
303,2024-11-08 15:09:00,596.78,596.73,596.73,596.77,75290.0
304,2024-11-08 15:10:00,596.76,596.64,596.64,596.68,139201.0
305,2024-11-08 15:11:00,596.67,596.6,596.6,596.695,53882.0
306,2024-11-08 15:12:00,596.72,596.695,596.695,596.82,80266.0
307,2024-11-08 15:13:00,596.84,596.73,596.73,596.84,36678.0
308,2024-11-08 15:14:00,596.8599,596.6831,596.6831,596.7,48410.0
309,2024-11-08 15:15:00,596.6992,596.5708,596.5708,596.785,65341.0
310,2024-11-08 15:16:00,596.78,596.73,596.73,596.882066,56305.0
311,2024-11-08 15:17:00,596.89,596.82,596.82,596.945,43888.0
312,2024-11-08 15:18:00,596.94,596.89,596.89,597.18,91064.0
313,2024-11-08 15:19:00,597.19,597.11,597.11,597.24,45816.0
314,2024-11-08 15:20:00,597.25,597.15,597.15,597.32,72980.0
315,2024-11-08 15:21:00,597.33,597.29,597.29,597.385,59326.0
316,2024-11-08 15:22:00,597.37,597.302,597.302,597.37,51162.0
317,2024-11-08 15:23:00,597.36,597.24,597.24,597.4,73822.0
318,2024-11-08 15:24:00,597.395,597.16,597.16,597.2,68843.0
319,2024-11-08 15:25:00,597.19,597.16,597.16,597.32,64647.0
320,2024-11-08 15:26:00,597.31,597.27,597.27,597.325,64937.0
321,2024-11-08 15:27:00,597.325,597.32,597.32,597.47,68941.0
322,2024-11-08 15:28:00,597.475,597.42,597.42,597.46,52500.0
323,2024-11-08 15:29:00,597.45,597.31,597.31,597.335,68655.0
324,2024-11-08 15:30:00,597.33,597.27,597.27,597.44,48039.0
325,2024-11-08 15:31:00,597.445,597.38,597.38,597.54,124303.0
326,2024-11-08 15:32:00,597.54,597.5,597.5,597.57,72225.0
327,2024-11-08 15:33:00,597.56,597.56,597.56,597.64,68126.0
328,2024-11-08 15:34:00,597.64,597.595,597.595,597.63,80846.0
329,2024-11-08 15:35:00,597.64,597.455,597.455,597.509,115525.0
330,2024-11-08 15:36:00,597.5,597.42,597.42,597.51,107722.0
331,2024-11-08 15:37:00,597.52,597.42,597.42,597.53,91789.0
332,2024-11-08 15:38:00,597.53,597.24,597.24,597.43,98121.0
333,2024-11-08 15:39:00,597.435,597.36,597.36,597.43,45341.0
334,2024-11-08 15:40:00,597.44,597.23,597.23,597.26,66859.0
335,2024-11-08 15:41:00,597.26,597.22,597.22,597.5999,48396.0
336,2024-11-08 15:42:00,597.6,597.4801,597.4801,597.49,115666.0
337,2024-11-08 15:43:00,597.49,597.49,597.49,597.6001,56524.0
338,2024-11-08 15:44:00,597.6,597.49,597.49,597.52,57055.0
339,2024-11-08 15:45:00,597.53,597.48,597.48,597.6199,79042.0
340,2024-11-08 15:46:00,597.61,597.57,597.57,597.67,56944.0
341,2024-11-08 15:47:00,597.69,597.64,597.64,597.77,73523.0
342,2024-11-08 15:48:00,597.78,597.7001,597.7001,597.71,90679.0
343,2024-11-08 15:49:00,597.715,597.63,597.63,597.78,106194.0
344,2024-11-08 15:50:00,597.77,597.65,597.65,597.66,86571.0
345,2024-11-08 15:51:00,597.66,597.66,597.66,597.85,30617.0
346,2024-11-08 15:52:00,597.86,597.86,597.86,597.885,69024.0
347,2024-11-08 15:53:00,597.9,597.87,597.87,597.88,68924.0
348,2024-11-08 15:54:00,597.9,597.82,597.82,597.87,44512.0
349,2024-11-08 15:55:00,597.85,597.72,597.72,597.7225,116846.0
350,2024-11-08 15:56:00,597.72,597.62,597.62,597.72,186963.0
351,2024-11-08 15:57:00,597.72,597.69,597.69,597.79,168260.0
352,2024-11-08 15:58:00,597.8,597.72,597.72,597.77,161874.0
353,2024-11-08 15:59:00,597.77,597.74,597.74,597.78,51667.0
354,2024-11-08 16:00:00,597.785,597.55,597.55,597.55,181504.0
355,2024-11-08 16:01:00,597.54,597.4332,597.4332,597.67,48587.0
356,2024-11-08 16:02:00,597.69,597.36,597.36,597.36,51316.0
357,2024-11-08 16:03:00,597.3701,597.34,597.34,597.405,98808.0
358,2024-11-08 16:04:00,597.41,597.4,597.4,597.5903,86880.0
359,2024-11-08 16:05:00,597.595,597.595,597.595,597.7701,53536.0
360,2024-11-08 16:06:00,597.78,597.61,597.61,597.67,36994.0
361,2024-11-08 16:07:00,597.655,597.655,597.655,597.81,31894.0
362,2024-11-08 16:08:00,597.81,597.78,597.78,597.83,49361.0
363,2024-11-08 16:09:00,597.825,597.73,597.73,597.87,33235.0
364,2024-11-08 16:10:00,597.87,597.79,597.79,597.88,32292.0
365,2024-11-08 16:11:00,597.89,597.835,597.835,597.885,30788.0
366,2024-11-08 16:12:00,597.9,597.85,597.85,597.92,72831.0
367,2024-11-08 16:13:00,597.92,597.84,597.84,597.8787,71340.0
368,2024-11-08 16:14:00,597.875,597.81,597.81,597.9099,73088.0
369,2024-11-08 16:15:00,597.9,597.83,597.83,597.865,45995.0
370,2024-11-08 16:16:00,597.9,597.84,597.84,597.91,28446.0
371,2024-11-08 16:17:00,597.905,597.85,597.85,597.87,35722.0
372,2024-11-08 16:18:00,597.86,597.86,597.86,597.93,34892.0
373,2024-11-08 16:19:00,597.9134,597.8908,597.8908,597.93,33437.0
374,2024-11-08 16:20:00,597.94,597.83,597.83,597.92,40095.0
375,2024-11-08 16:21:00,597.93,597.88,597.88,597.91,29571.0
376,2024-11-08 16:22:00,597.905,597.86,597.86,597.895,31768.0
377,2024-11-08 16:23:00,597.895,597.87,597.87,597.91,29675.0
378,2024-11-08 16:24:00,597.91,597.9,597.9,597.9825,158609.0
379,2024-11-08 16:25:00,597.99,597.86,597.86,597.94,63172.0
380,2024-11-08 16:26:00,597.95,597.93,597.93,598.04,49527.0
381,2024-11-08 16:27:00,598.045,597.95,597.95,598.0,44000.0
382,2024-11-08 16:28:00,597.99,597.99,597.99,598.01,57291.0
383,2024-11-08 16:29:00,598.0,597.91,597.91,597.9899,68199.0
384,2024-11-08 16:30:00,597.98,597.98,597.98,598.05,58828.0
385,2024-11-08 16:31:00,598.04,597.96,597.96,598.06,47506.0
386,2024-11-08 16:32:00,598.06,598.025,598.025,598.0651,82242.0
387,2024-11-08 16:33:00,598.08,598.0,598.0,598.04,45226.0
388,2024-11-08 16:34:00,598.02,597.89,597.89,597.9746,50282.0
389,2024-11-08 16:35:00,597.98,597.88,597.88,597.95,100310.0
390,2024-11-08 16:36:00,597.96,597.85,597.85,598.01,94196.0
391,2024-11-08 16:37:00,598.0103,597.95,597.95,597.98,26017.0
392,2024-11-08 16:38:00,597.99,597.87,597.87,597.87,39374.0
393,2024-11-08 16:39:00,597.86,597.84,597.84,597.97,31479.0
394,2024-11-08 16:40:00,597.96,597.88,597.88,597.88,50613.0
395,2024-11-08 16:41:00,597.88,597.79,597.79,597.79,52601.0
396,2024-11-08 16:42:00,597.7801,597.65,597.65,597.67,389707.0
397,2024-11-08 16:43:00,597.69,597.67,597.67,597.72,62924.0
398,2024-11-08 16:44:00,597.73,597.68,597.68,597.7,60256.0
399,2024-11-08 16:45:00,597.69,597.65,597.65,597.67,61629.0
400,2024-11-08 16:46:00,597.69,597.65,597.65,597.68,46204.0
401,2024-11-08 16:47:00,597.68,597.63,597.63,597.7,50378.0
402,2024-11-08 16:48:00,597.71,597.71,597.71,597.81,67050.0
403,2024-11-08 16:49:00,597.825,597.8201,597.8201,597.9448,31859.0
404,2024-11-08 16:50:00,597.97,597.8999,597.8999,598.01,73218.0
405,2024-11-08 16:51:00,598.03,597.95,597.95,597.9899,71962.0
406,2024-11-08 16:52:00,597.9765,597.96,597.96,597.98,11788.0
407,2024-11-08 16:53:00,598.0,597.93,597.93,597.98,103379.0
408,2024-11-08 16:54:00,597.98,597.98,597.98,598.0521,23372.0
409,2024-11-08 16:55:00,598.06,598.05,598.05,598.185,218088.0
410,2024-11-08 16:56:00,598.1808,598.0665,598.0665,598.085,70643.0
411,2024-11-08 16:57:00,598.0899,597.98,597.98,597.99,71386.0
412,2024-11-08 16:58:00,597.96,597.9,597.9,597.955,47284.0
413,2024-11-08 16:59:00,597.96,597.91,597.91,597.91,27216.0
414,2024-11-08 17:00:00,597.9399,597.88,597.88,597.99,37345.0
415,2024-11-08 17:01:00,598.0,597.795,597.795,597.8575,95279.0
416,2024-11-08 17:02:00,597.86,597.795,597.795,597.9,49387.0
417,2024-11-08 17:03:00,597.9,597.84,597.84,597.865,23593.0
418,2024-11-08 17:04:00,597.85,597.64,597.64,597.71,105938.0
419,2024-11-08 17:05:00,597.72,597.54,597.54,597.59,98240.0
420,2024-11-08 17:06:00,597.615,597.58,597.58,597.585,177041.0
421,2024-11-08 17:07:00,597.58,597.48,597.48,597.68,209198.0
422,2024-11-08 17:08:00,597.68,597.63,597.63,597.68,37696.0
423,2024-11-08 17:09:00,597.655,597.62,597.62,597.71,38661.0
424,2024-11-08 17:10:00,597.7,597.69,597.69,597.71,37685.0
425,2024-11-08 17:11:00,597.7,597.61,597.61,597.6301,49448.0
426,2024-11-08 17:12:00,597.65,597.56,597.56,597.56,64054.0
427,2024-11-08 17:13:00,597.59,597.5001,597.5001,597.5001,29986.0
428,2024-11-08 17:14:00,597.5051,597.44,597.44,597.5,54147.0
429,2024-11-08 17:15:00,597.51,597.46,597.46,597.47,30027.0
430,2024-11-08 17:16:00,597.46,597.44,597.44,597.51,25917.0
431,2024-11-08 17:17:00,597.525,597.5,597.5,597.5999,47293.0
432,2024-11-08 17:18:00,597.6,597.585,597.585,597.64,37752.0
433,2024-11-08 17:19:00,597.65,597.64,597.64,597.645,28843.0
434,2024-11-08 17:20:00,597.64,597.64,597.64,597.8395,80323.0
435,2024-11-08 17:21:00,597.82,597.77,597.77,597.8,45203.0
436,2024-11-08 17:22:00,597.81,597.68,597.68,597.685,48772.0
437,2024-11-08 17:23:00,597.68,597.66,597.66,597.7,36462.0
438,2024-11-08 17:24:00,597.7,597.63,597.63,597.63,59990.0
439,2024-11-08 17:25:00,597.635,597.635,597.635,597.69,61235.0
440,2024-11-08 17:26:00,597.69,597.68,597.68,597.69,156035.0
441,2024-11-08 17:27:00,597.68,597.635,597.635,597.65,152407.0
442,2024-11-08 17:28:00,597.65,597.5798,597.5798,597.59,38141.0
443,2024-11-08 17:29:00,597.57,597.57,597.57,597.64,26602.0
444,2024-11-08 17:30:00,597.64,597.61,597.61,597.67,36397.0
445,2024-11-08 17:31:00,597.69,597.69,597.69,597.91,50721.0
446,2024-11-08 17:32:00,597.9,597.8909,597.8909,598.045,70235.0
447,2024-11-08 17:33:00,598.04,598.02,598.02,598.08,35331.0
448,2024-11-08 17:34:00,598.09,598.07,598.07,598.18,91120.0
449,2024-11-08 17:35:00,598.19,598.14,598.14,598.2201,62900.0
450,2024-11-08 17:36:00,598.22,598.22,598.22,598.261948,74731.0
451,2024-11-08 17:37:00,598.27,598.17,598.17,598.23,61155.0
452,2024-11-08 17:38:00,598.215,598.19,598.19,598.215,36314.0
453,2024-11-08 17:39:00,598.22,598.065,598.065,598.065,35904.0
454,2024-11-08 17:40:00,598.07,598.05,598.05,598.1787,49792.0
455,2024-11-08 17:41:00,598.17,598.1,598.1,598.11,17329.0
456,2024-11-08 17:42:00,598.11,597.95,597.95,597.98,42152.0
457,2024-11-08 17:43:00,597.98,597.87,597.87,597.91,37797.0
458,2024-11-08 17:44:00,597.88,597.88,597.88,598.0105,28479.0
459,2024-11-08 17:45:00,598.02,598.005,598.005,598.18,40402.0
460,2024-11-08 17:46:00,598.19,598.12,598.12,598.12,30849.0
461,2024-11-08 17:47:00,598.1201,598.105,598.105,598.115,23427.0
462,2024-11-08 17:48:00,598.12,598.11,598.11,598.14,27014.0
463,2024-11-08 17:49:00,598.11,598.11,598.11,598.14,20120.0
464,2024-11-08 17:50:00,598.14,598.14,598.14,598.2187,34116.0
465,2024-11-08 17:51:00,598.22,598.175,598.175,598.21,38472.0
466,2024-11-08 17:52:00,598.215,598.19,598.19,598.1901,33225.0
467,2024-11-08 17:53:00,598.19,598.19,598.19,598.28,24469.0
468,2024-11-08 17:54:00,598.275,598.24,598.24,598.29,49460.0
469,2024-11-08 17:55:00,598.2828,598.27,598.27,598.28,38463.0
470,2024-11-08 17:56:00,598.2501,598.13,598.13,598.15,38952.0
471,2024-11-08 17:57:00,598.13,598.0547,598.0547,598.16,40349.0
472,2024-11-08 17:58:00,598.18,598.12,598.12,598.12,28646.0
473,2024-11-08 17:59:00,598.12,598.08,598.08,598.09,71549.0
474,2024-11-08 18:00:00,598.09,597.99,597.99,598.04,42001.0
475,2024-11-08 18:01:00,598.05,598.035,598.035,598.085,36076.0
476,2024-11-08 18:02:00,598.07,598.07,598.07,598.1734,26703.0
477,2024-11-08 18:03:00,598.165,598.16,598.16,598.18,30816.0
478,2024-11-08 18:04:00,598.15,598.07,598.07,598.16,26819.0
479,2024-11-08 18:05:00,598.16,598.13,598.13,598.1401,29703.0
480,2024-11-08 18:06:00,598.15,598.11,598.11,598.22,34141.0
481,2024-11-08 18:07:00,598.23,598.17,598.17,598.1999,20234.0
482,2024-11-08 18:08:00,598.2,598.16,598.16,598.1774,20784.0
483,2024-11-08 18:09:00,598.16,598.12,598.12,598.15,35268.0
484,2024-11-08 18:10:00,598.16,598.1101,598.1101,598.14,38327.0
485,2024-11-08 18:11:00,598.15,598.15,598.15,598.2,25911.0
486,2024-11-08 18:12:00,598.19,598.15,598.15,598.18,29663.0
487,2024-11-08 18:13:00,598.1999,598.15,598.15,598.16,26137.0
488,2024-11-08 18:14:00,598.16,598.1221,598.1221,598.2,28975.0
489,2024-11-08 18:15:00,598.21,598.17,598.17,598.27,21949.0
490,2024-11-08 18:16:00,598.25,598.19,598.19,598.2,38406.0
491,2024-11-08 18:17:00,598.19,598.11,598.11,598.11,26490.0
492,2024-11-08 18:18:00,598.12,598.09,598.09,598.12,31722.0
493,2024-11-08 18:19:00,598.13,598.09,598.09,598.13,20508.0
494,2024-11-08 18:20:00,598.1,598.05,598.05,598.1,325696.0
495,2024-11-08 18:21:00,598.105,598.07,598.07,598.21,29404.0
496,2024-11-08 18:22:00,598.195,598.0801,598.0801,598.09,30163.0
497,2024-11-08 18:23:00,598.09,597.96,597.96,598.01,131139.0
498,2024-11-08 18:24:00,597.99,597.96,597.96,598.1078,38617.0
499,2024-11-08 18:25:00,598.08,598.07,598.07,598.1263,31618.0
500,2024-11-08 18:26:00,598.1,598.09,598.09,598.11,19218.0
501,2024-11-08 18:27:00,598.125,598.12,598.12,598.16,26047.0
502,2024-11-08 18:28:00,598.15,598.12,598.12,598.13,67467.0
503,2024-11-08 18:29:00,598.13,598.0906,598.0906,598.175,30817.0
504,2024-11-08 18:30:00,598.16,598.14,598.14,598.25,50955.0
505,2024-11-08 18:31:00,598.26,598.19,598.19,598.23,51046.0
506,2024-11-08 18:32:00,598.21,598.18,598.18,598.285809,41245.0
507,2024-11-08 18:33:00,598.2694,598.26,598.26,598.47,207518.0
508,2024-11-08 18:34:00,598.51,598.43,598.43,598.45,49340.0
509,2024-11-08 18:35:00,598.45,598.42,598.42,598.45,51761.0
510,2024-11-08 18:36:00,598.44,598.44,598.44,598.63,70074.0
511,2024-11-08 18:37:00,598.62,598.62,598.62,598.84,160583.0
512,2024-11-08 18:38:00,598.85,598.76,598.76,598.83,43338.0
513,2024-11-08 18:39:00,598.81,598.73,598.73,598.84,33156.0
514,2024-11-08 18:40:00,598.85,598.81,598.81,598.84,77953.0
515,2024-11-08 18:41:00,598.84,598.79,598.79,598.79,60880.0
516,2024-11-08 18:42:00,598.79,598.73,598.73,598.74,49292.0
517,2024-11-08 18:43:00,598.75,598.74,598.74,598.83,368284.0
518,2024-11-08 18:44:00,598.85,598.77,598.77,598.9,125248.0
519,2024-11-08 18:45:00,598.91,598.9,598.9,598.98,85820.0
520,2024-11-08 18:46:00,599.0,598.97,598.97,599.0001,62689.0
521,2024-11-08 18:47:00,599.0,599.0,599.0,599.06,55912.0
522,2024-11-08 18:48:00,599.07,598.91,598.91,598.92,85758.0
523,2024-11-08 18:49:00,598.94,598.82,598.82,598.9,60576.0
524,2024-11-08 18:50:00,598.9,598.81,598.81,598.85,38465.0
525,2024-11-08 18:51:00,598.84,598.74,598.74,598.75,38059.0
526,2024-11-08 18:52:00,598.73,598.6326,598.6326,598.705,75017.0
527,2024-11-08 18:53:00,598.69,598.64,598.64,598.75,41307.0
528,2024-11-08 18:54:00,598.74,598.621,598.621,598.63,25607.0
529,2024-11-08 18:55:00,598.65,598.6,598.6,598.6399,46055.0
530,2024-11-08 18:56:00,598.622,598.592,598.592,598.655,33864.0
531,2024-11-08 18:57:00,598.655,598.6226,598.6226,598.74,40010.0
532,2024-11-08 18:58:00,598.74,598.74,598.74,598.84,58250.0
533,2024-11-08 18:59:00,598.8499,598.8499,598.8499,599.01,186260.0
534,2024-11-08 19:00:00,599.015,598.9,598.9,598.9132,69071.0
535,2024-11-08 19:01:00,598.94,598.925,598.925,599.0001,94487.0
536,2024-11-08 19:02:00,599.0,598.86,598.86,598.87,114074.0
537,2024-11-08 19:03:00,598.86,598.67,598.67,598.72,193504.0
538,2024-11-08 19:04:00,598.7,598.7,598.7,598.89,52990.0
539,2024-11-08 19:05:00,598.91,598.88,598.88,598.9999,165822.0
540,2024-11-08 19:06:00,598.99,598.97,598.97,599.03,45871.0
541,2024-11-08 19:07:00,599.03,599.02,599.02,599.12,38468.0
542,2024-11-08 19:08:00,599.13,599.09,599.09,599.131,44533.0
543,2024-11-08 19:09:00,599.12,599.09,599.09,599.1599,55893.0
544,2024-11-08 19:10:00,599.15,599.0,599.0,599.08,101749.0
545,2024-11-08 19:11:00,599.07,599.04,599.04,599.12,88536.0
546,2024-11-08 19:12:00,599.11,598.93,598.93,598.9702,38662.0
547,2024-11-08 19:13:00,598.97,598.95,598.95,598.97,40565.0
548,2024-11-08 19:14:00,598.98,598.98,598.98,599.05,35461.0
549,2024-11-08 19:15:00,599.06,599.06,599.06,599.19,65360.0
550,2024-11-08 19:16:00,599.2,599.09,599.09,599.15,54636.0
551,2024-11-08 19:17:00,599.14,599.02,599.02,599.03,36913.0
552,2024-11-08 19:18:00,599.02,598.97,598.97,599.03,29334.0
553,2024-11-08 19:19:00,599.03,598.99,598.99,599.0,28530.0
554,2024-11-08 19:20:00,598.99,598.96,598.96,598.995,34067.0
555,2024-11-08 19:21:00,598.98,598.95,598.95,599.07,29720.0
556,2024-11-08 19:22:00,599.0714,599.0,599.0,599.01,27830.0
557,2024-11-08 19:23:00,599.02,598.96,598.96,598.99,33548.0
558,2024-11-08 19:24:00,599.0,598.99,598.99,599.01,40989.0
559,2024-11-08 19:25:00,599.0,599.0,599.0,599.13,48593.0
560,2024-11-08 19:26:00,599.12,599.11,599.11,599.19,41346.0
561,2024-11-08 19:27:00,599.19,599.16,599.16,599.22,60927.0
562,2024-11-08 19:28:00,599.22,599.16,599.16,599.2299,30896.0
563,2024-11-08 19:29:00,599.23,599.2,599.2,599.23,31293.0
564,2024-11-08 19:30:00,599.21,599.1301,599.1301,599.27,52855.0
565,2024-11-08 19:31:00,599.26,599.14,599.14,599.16,40568.0
566,2024-11-08 19:32:00,599.18,599.11,599.11,599.1973,71514.0
567,2024-11-08 19:33:00,599.21,599.17,599.17,599.22,28071.0
568,2024-11-08 19:34:00,599.21,599.14,599.14,599.15,36659.0
569,2024-11-08 19:35:00,599.16,599.14,599.14,599.28,60498.0
570,2024-11-08 19:36:00,599.28,599.25,599.25,599.25,70909.0
571,2024-11-08 19:37:00,599.25,599.22,599.22,599.31,45247.0
572,2024-11-08 19:38:00,599.3094,599.2962,599.2962,599.415,109222.0
573,2024-11-08 19:39:00,599.405,599.3606,599.3606,599.47,157766.0
574,2024-11-08 19:40:00,599.46,599.46,599.46,599.51,93464.0
575,2024-11-08 19:41:00,599.52,599.43,599.43,599.4681,137712.0
576,2024-11-08 19:42:00,599.47,599.47,599.47,599.585,94309.0
577,2024-11-08 19:43:00,599.58,599.51,599.51,599.5175,110950.0
578,2024-11-08 19:44:00,599.51,599.44,599.44,599.5199,262699.0
579,2024-11-08 19:45:00,599.5181,599.35,599.35,599.36,223294.0
580,2024-11-08 19:46:00,599.36,599.28,599.28,599.36,96226.0
581,2024-11-08 19:47:00,599.36,599.28,599.28,599.29,86188.0
582,2024-11-08 19:48:00,599.295,599.23,599.23,599.27,49682.0
583,2024-11-08 19:49:00,599.27,599.21,599.21,599.21,32182.0
584,2024-11-08 19:50:00,599.23,599.09,599.09,599.13,61419.0
585,2024-11-08 19:51:00,599.1349,599.1121,599.1121,599.16,54815.0
586,2024-11-08 19:52:00,599.16,599.05,599.05,599.135,51804.0
587,2024-11-08 19:53:00,599.14,599.04,599.04,599.04,45355.0
588,2024-11-08 19:54:00,599.03,599.01,599.01,599.051,38026.0
589,2024-11-08 19:55:00,599.0501,599.05,599.05,599.13,94730.0
590,2024-11-08 19:56:00,599.1399,599.03,599.03,599.12,34800.0
591,2024-11-08 19:57:00,599.13,598.9826,598.9826,599.04,52730.0
592,2024-11-08 19:58:00,599.04,598.92,598.92,598.9613,264046.0
593,2024-11-08 19:59:00,598.96,598.91,598.91,598.91,36964.0
594,2024-11-08 20:00:00,598.92,598.6211,598.6211,598.727,196687.0
595,2024-11-08 20:01:00,598.75,598.35,598.35,598.59,146223.0
596,2024-11-08 20:02:00,598.56,598.5,598.5,598.6361,41608.0
597,2024-11-08 20:03:00,598.6651,598.5,598.5,598.5601,82281.0
598,2024-11-08 20:04:00,598.56,598.56,598.56,598.67,214842.0
599,2024-11-08 20:05:00,598.7,598.645,598.645,598.66,46045.0
600,2024-11-08 20:06:00,598.67,598.67,598.67,598.76,46620.0
601,2024-11-08 20:07:00,598.7797,598.69,598.69,598.705,166047.0
602,2024-11-08 20:08:00,598.69,598.55,598.55,598.65,50012.0
603,2024-11-08 20:09:00,598.66,598.57,598.57,598.8,176959.0
604,2024-11-08 20:10:00,598.81,598.73,598.73,598.77,169511.0
605,2024-11-08 20:11:00,598.775,598.52,598.52,598.5401,91861.0
606,2024-11-08 20:12:00,598.555,598.5,598.5,598.51,51515.0
607,2024-11-08 20:13:00,598.52,598.52,598.52,598.61,69560.0
608,2024-11-08 20:14:00,598.62,598.55,598.55,598.61,42627.0
609,2024-11-08 20:15:00,598.61,598.57,598.57,598.69,91154.0
610,2024-11-08 20:16:00,598.69,598.62,598.62,598.6308,34477.0
611,2024-11-08 20:17:00,598.6301,598.62,598.62,598.7699,242490.0
612,2024-11-08 20:18:00,598.7793,598.68,598.68,598.71,94880.0
613,2024-11-08 20:19:00,598.72,598.602,598.602,598.65,40222.0
614,2024-11-08 20:20:00,598.65,598.5101,598.5101,598.52,79314.0
615,2024-11-08 20:21:00,598.51,598.37,598.37,598.4099,232200.0
616,2024-11-08 20:22:00,598.4,598.24,598.24,598.27,142627.0
617,2024-11-08 20:23:00,598.3,598.25,598.25,598.38,119775.0
618,2024-11-08 20:24:00,598.39,598.38,598.38,598.496,77073.0
619,2024-11-08 20:25:00,598.48,598.44,598.44,598.63,121949.0
620,2024-11-08 20:26:00,598.635,598.51,598.51,598.52,44361.0
621,2024-11-08 20:27:00,598.5,598.31,598.31,598.36,60281.0
622,2024-11-08 20:28:00,598.3401,598.3201,598.3201,598.43,51739.0
623,2024-11-08 20:29:00,598.42,598.25,598.25,598.25,102597.0
624,2024-11-08 20:30:00,598.28,598.16,598.16,598.16,122849.0
625,2024-11-08 20:31:00,598.19,598.15,598.15,598.21,82973.0
626,2024-11-08 20:32:00,598.19,597.8604,597.8604,597.97,151185.0
627,2024-11-08 20:33:00,597.97,597.96,597.96,598.06,129914.0
628,2024-11-08 20:34:00,598.06,597.875,597.875,597.93,92562.0
629,2024-11-08 20:35:00,597.92,597.85,597.85,597.87,100804.0
630,2024-11-08 20:36:00,597.86,597.84,597.84,597.991,155882.0
631,2024-11-08 20:37:00,598.0199,597.88,597.88,597.99,123901.0
632,2024-11-08 20:38:00,597.99,597.93,597.93,598.025,105685.0
633,2024-11-08 20:39:00,598.0111,597.99,597.99,598.09,340243.0
634,2024-11-08 20:40:00,598.1,597.905,597.905,597.93,100116.0
635,2024-11-08 20:41:00,597.93,597.87,597.87,597.875,88407.0
636,2024-11-08 20:42:00,597.86,597.69,597.69,597.79,218219.0
637,2024-11-08 20:43:00,597.78,597.74,597.74,597.85,258368.0
638,2024-11-08 20:44:00,597.83,597.66,597.66,597.74,244434.0
639,2024-11-08 20:45:00,597.74,597.73,597.73,597.86,158489.0
640,2024-11-08 20:46:00,597.86,597.7901,597.7901,597.82,919184.0
641,2024-11-08 20:47:00,597.825,597.77,597.77,597.77,257302.0
642,2024-11-08 20:48:00,597.76,597.75,597.75,597.81,124294.0
643,2024-11-08 20:49:00,597.81,597.72,597.72,597.76,175673.0
644,2024-11-08 20:50:00,597.75,597.62,597.62,597.86,660293.0
645,2024-11-08 20:51:00,597.86,597.74,597.74,597.8621,388590.0
646,2024-11-08 20:52:00,597.88,597.84,597.84,598.05,575447.0
647,2024-11-08 20:53:00,598.04,597.86,597.86,597.94,408867.0
648,2024-11-08 20:54:00,597.92,597.9,597.9,598.0,324871.0
649,2024-11-08 20:55:00,597.98,597.74,597.74,597.81,537083.0
650,2024-11-08 20:56:00,597.81,597.81,597.81,597.87,624645.0
651,2024-11-08 20:57:00,597.875,597.84,597.84,598.0799,664234.0
652,2024-11-08 20:58:00,598.08,597.97,597.97,598.06,1000002.0
653,2024-11-08 20:59:00,598.07,597.89,597.89,598.24,1414340.0
654,2024-11-08 21:00:00,598.24,598.12,598.12,598.3,285056.0
655,2024-11-08 21:01:00,598.29,598.14,598.14,598.19,64832.0
656,2024-11-08 21:02:00,598.2,598.18,598.18,598.21,57260.0
657,2024-11-08 21:03:00,598.235,598.1,598.1,598.1,36770.0
658,2024-11-08 21:04:00,598.1,597.94,597.94,598.08,204489.0
659,2024-11-08 21:05:00,598.05,597.8841,597.8841,598.06,541195.0
660,2024-11-08 21:06:00,598.13,597.904,597.904,598.02,187990.0
661,2024-11-08 21:07:00,598.02,598.02,598.02,598.16,56749.0
662,2024-11-08 21:08:00,598.13,598.1,598.1,598.14,62354.0
663,2024-11-08 21:09:00,598.14,598.07,598.07,598.12,118663.0
664,2024-11-08 21:10:00,598.08,598.06,598.06,598.12,38993.0
665,2024-11-08 21:11:00,598.1,598.1,598.1,598.13,26440.0
666,2024-11-08 21:12:00,598.11,598.1,598.1,598.1,16684.0
667,2024-11-08 21:13:00,598.12,598.03,598.03,598.17,14648.0
668,2024-11-08 21:14:00,598.17,598.1,598.1,598.19,226851.0
669,2024-11-08 21:15:00,598.23,598.12,598.12,598.14,2212983.0
670,2024-11-08 21:16:00,598.14,598.08,598.08,598.08,1011927.0
671,2024-11-08 21:17:00,598.09,598.09,598.09,598.17,2103.0
672,2024-11-08 21:18:00,598.17,598.17,598.17,598.2397,129515.0
673,2024-11-08 21:19:00,598.23,598.23,598.23,598.25,5199.0
674,2024-11-08 21:20:00,598.24,598.24,598.24,598.25,20579.0
675,2024-11-08 21:21:00,598.27,598.27,598.27,598.3,772.0
676,2024-11-08 21:22:00,598.3,598.3,598.3,598.37,166628.0
677,2024-11-08 21:23:00,598.33,598.33,598.33,598.43,370663.0
678,2024-11-08 21:24:00,598.43,598.32,598.32,598.3201,8702.0
679,2024-11-08 21:25:00,598.36,598.31,598.31,598.31,27845.0
680,2024-11-08 21:26:00,598.33,598.32,598.32,598.32,1693.0
681,2024-11-08 21:27:00,598.31,598.27,598.27,598.27,3737.0
682,2024-11-08 21:28:00,598.29,598.26,598.26,598.26,14715.0
683,2024-11-08 21:29:00,598.22,598.19,598.19,598.2,731.0
684,2024-11-08 21:30:00,598.19,598.18,598.18,598.18,2355.0
685,2024-11-08 21:31:00,598.15,598.12,598.12,598.12,254861.0
686,2024-11-08 21:32:00,598.11,598.04,598.04,598.08,23619.0
687,2024-11-08 21:33:00,598.1,598.0601,598.0601,598.0601,4902.0
688,2024-11-08 21:34:00,598.09,598.09,598.09,598.13,840.0
689,2024-11-08 21:35:00,598.13,598.13,598.13,598.15,1787.0
690,2024-11-08 21:36:00,598.18,598.18,598.18,598.18,509.0
691,2024-11-08 21:37:00,598.19,598.19,598.19,598.19,1110.0
692,2024-11-08 21:38:00,598.19,598.17,598.17,598.1794,4672.0
693,2024-11-08 21:39:00,598.16,598.16,598.16,598.16,111.0
694,2024-11-08 21:40:00,598.16,598.16,598.16,598.16,391.0
695,2024-11-08 21:41:00,598.11,598.11,598.11,598.11,236.0
696,2024-11-08 21:42:00,598.14,598.14,598.14,598.14,525.0
697,2024-11-08 21:43:00,598.0896,598.0896,598.0896,598.09,430.0
698,2024-11-08 21:44:00,598.09,598.04,598.04,598.04,1528.0
699,2024-11-08 21:45:00,598.08,598.0401,598.0401,598.0401,505.0
700,2024-11-08 21:46:00,598.04,598.03,598.03,598.03,1017.0
701,2024-11-08 21:47:00,598.04,598.04,598.04,598.04,793.0
702,2024-11-08 21:48:00,598.08,598.06,598.06,598.07,23409.0
703,2024-11-08 21:49:00,598.15,598.1001,598.1001,598.1001,1495.0
704,2024-11-08 21:51:00,598.13,597.8833,597.8833,597.8833,670635.0
705,2024-11-08 21:52:00,598.15,598.11,598.11,598.11,2853.0
706,2024-11-08 21:53:00,598.13,598.13,598.13,598.16,1229.0
707,2024-11-08 21:54:00,598.13,598.13,598.13,598.13,647.0
708,2024-11-08 21:55:00,598.12,598.12,598.12,598.16,5552.0
709,2024-11-08 21:56:00,598.13,598.07,598.07,598.09,6725.0
710,2024-11-08 21:57:00,598.09,598.08,598.08,598.08,2679.0
711,2024-11-08 21:58:00,598.08,598.07,598.07,598.08,9125.0
712,2024-11-08 21:59:00,598.06,597.92,597.92,597.92,24496.0
713,2024-11-08 22:00:00,597.98,597.93,597.93,597.9429,2646.0
714,2024-11-08 22:01:00,598.0,598.0,598.0,598.0,497.0
715,2024-11-08 22:02:00,598.0,598.0,598.0,598.0,192.0
716,2024-11-08 22:03:00,598.0,598.0,598.0,598.04,3172.0
717,2024-11-08 22:04:00,598.04,598.04,598.04,598.04,3125.0
718,2024-11-08 22:05:00,598.0397,598.0397,598.0397,598.04,227.0
719,2024-11-08 22:06:00,597.99,597.97,597.97,597.98,2088.0
720,2024-11-08 22:07:00,597.98,597.94,597.94,597.94,6698.0
721,2024-11-08 22:08:00,597.95,597.94,597.94,597.94,2052.0
722,2024-11-08 22:09:00,598.04,598.036,598.036,598.036,1124.0
723,2024-11-08 22:11:00,597.99,597.99,597.99,597.99,337.0
724,2024-11-08 22:12:00,598.08,598.08,598.08,598.08,582.0
725,2024-11-08 22:14:00,598.0,598.0,598.0,598.0,778.0
726,2024-11-08 22:17:00,598.04,598.01,598.01,598.03,1583.0
727,2024-11-08 22:18:00,598.0129,598.011,598.011,598.011,234.0
728,2024-11-08 22:19:00,598.03,598.03,598.03,598.03,184.0
729,2024-11-08 22:24:00,598.03,598.01,598.01,598.01,676.0
730,2024-11-08 22:25:00,598.03,598.02,598.02,598.02,1367.0
731,2024-11-08 22:26:00,598.02,598.01,598.01,598.01,2274.0
732,2024-11-08 22:27:00,598.0,598.0,598.0,598.0001,383.0
733,2024-11-08 22:29:00,598.0,598.0,598.0,598.0,264.0
734,2024-11-08 22:30:00,598.01,598.01,598.01,598.01,493.0
735,2024-11-08 22:31:00,598.01,598.01,598.01,598.01,248.0
736,2024-11-08 22:33:00,598.01,598.01,598.01,598.02,481.0
737,2024-11-08 22:34:00,598.03,598.03,598.03,598.03,773.0
738,2024-11-08 22:35:00,598.03,598.0,598.0,598.0,6134.0
739,2024-11-08 22:37:00,597.951,597.951,597.951,598.0101,1749.0
740,2024-11-08 22:38:00,598.01,598.0,598.0,598.0,3697.0
741,2024-11-08 22:39:00,598.0,598.0,598.0,598.0,1109.0
742,2024-11-08 22:40:00,597.94,597.89,597.89,597.89,3395.0
743,2024-11-08 22:43:00,598.04,598.04,598.04,598.05,1800.0
744,2024-11-08 22:44:00,598.06,598.05,598.05,598.05,2348.0
745,2024-11-08 22:45:00,598.0,598.0,598.0,598.0,270.0
746,2024-11-08 22:48:00,598.03,598.03,598.03,598.03,427.0
747,2024-11-08 22:49:00,598.0,598.0,598.0,598.0,10009.0
748,2024-11-08 22:51:00,598.03,597.71,597.71,597.99,11843.0
749,2024-11-08 22:58:00,598.03,598.03,598.03,598.03,187.0
750,2024-11-08 22:59:00,598.03,598.03,598.03,598.03,379.0
751,2024-11-08 23:02:00,598.03,597.9062,597.9062,597.9062,488.0
752,2024-11-08 23:04:00,597.92,597.9,597.9,597.9,1752.0
753,2024-11-08 23:06:00,597.9,597.9,597.9,597.9,426.0
754,2024-11-08 23:08:00,597.8545,597.8545,597.8545,597.87,283.0
755,2024-11-08 23:09:00,597.8981,597.8981,597.8981,597.8981,128.0
756,2024-11-08 23:10:00,597.83,597.82,597.82,597.82,719.0
757,2024-11-08 23:11:00,597.82,597.82,597.82,597.82,1059.0
758,2024-11-08 23:15:00,597.9,597.9,597.9,597.9,328.0
759,2024-11-08 23:16:00,597.9,597.9,597.9,597.9,225.0
760,2024-11-08 23:18:00,597.9,597.9,597.9,597.9,407.0
761,2024-11-08 23:20:00,597.8402,597.8402,597.8402,597.8402,507.0
762,2024-11-08 23:26:00,597.8607,597.8607,597.8607,597.8607,223.0
763,2024-11-08 23:37:00,597.9,597.9,597.9,597.9,175.0
764,2024-11-08 23:39:00,597.9,597.9,597.9,597.9,561.0
765,2024-11-08 23:41:00,598.0,598.0,598.0,598.0,256.0
766,2024-11-08 23:49:00,598.0,598.0,598.0,598.0,838.0
767,2024-11-08 23:50:00,598.0,598.0,598.0,598.0,303.0
768,2024-11-08 23:52:00,598.03,598.03,598.03,598.04,1066.0
769,2024-11-08 23:53:00,598.02,598.02,598.02,598.02,154.0
770,2024-11-08 23:54:00,597.93,597.93,597.93,597.93,112.0
771,2024-11-08 23:57:00,598.03,598.03,598.03,598.03,809.0
772,2024-11-09 00:04:00,597.95,597.95,597.95,597.95,139.0
773,2024-11-09 00:05:00,598.0,598.0,598.0,598.0,287.0
774,2024-11-09 00:10:00,597.96,597.96,597.96,597.96,498.0
775,2024-11-09 00:11:00,597.95,597.95,597.95,597.95,145.0
776,2024-11-09 00:14:00,597.96,597.96,597.96,597.96,492.0
777,2024-11-09 00:15:00,597.96,597.96,597.96,597.96,113.0
778,2024-11-09 00:19:00,597.96,597.96,597.96,597.96,1591.0
779,2024-11-09 00:21:00,597.96,597.96,597.96,597.96,582.0
780,2024-11-09 00:22:00,597.96,597.96,597.96,597.96,1239.0
781,2024-11-09 00:30:00,598.03,598.03,598.03,598.03,263.0
782,2024-11-09 00:31:00,598.03,598.03,598.03,598.03,362.0
783,2024-11-09 00:34:00,598.02,598.02,598.02,598.02,223.0
784,2024-11-09 00:36:00,598.02,598.02,598.02,598.02,121.0
785,2024-11-09 00:42:00,598.04,598.02,598.02,598.02,428.0
786,2024-11-09 00:43:00,598.04,598.04,598.04,598.04,261.0
787,2024-11-09 00:45:00,598.04,598.04,598.04,598.04,1472.0
788,2024-11-09 00:46:00,598.04,598.04,598.04,598.04,315.0
789,2024-11-09 00:47:00,598.0399,598.0399,598.0399,598.0399,127.0
790,2024-11-09 00:48:00,598.0215,598.0215,598.0215,598.0215,200.0
791,2024-11-09 00:50:00,598.02,598.02,598.02,598.02,115.0
792,2024-11-09 00:51:00,597.99,597.99,597.99,597.99,382.0
793,2024-11-09 00:53:00,598.02,598.02,598.02,598.02,854.0
794,2024-11-09 00:54:00,597.99,597.95,597.95,597.95,1637.0
795,2024-11-09 00:55:00,598.01,598.01,598.01,598.01,613.0
796,2024-11-09 00:56:00,597.97,597.97,597.97,597.97,522.0
797,2024-11-09 00:57:00,597.9895,597.9895,597.9895,597.9895,242.0
798,2024-11-09 00:58:00,597.98,597.98,597.98,597.98,960.0
799,2024-11-09 00:59:00,598.0,598.0,598.0,598.0,726.0
800,2024-11-11 09:00:00,599.22,599.0,599.0,599.69,3398.0
801,2024-11-11 09:01:00,599.72,599.61,599.61,599.66,2004.0
802,2024-11-11 09:02:00,599.7,599.7,599.7,599.73,1467.0
803,2024-11-11 09:04:00,599.65,599.65,599.65,599.66,671.0
804,2024-11-11 09:06:00,599.59,599.59,599.59,599.59,827.0
805,2024-11-11 09:07:00,599.5,599.5,599.5,599.5,645.0
806,2024-11-11 09:08:00,599.5,599.5,599.5,599.56,1402.0
807,2024-11-11 09:11:00,599.7,599.7,599.7,599.7,515.0
808,2024-11-11 09:12:00,599.65,599.65,599.65,599.67,594.0
809,2024-11-11 09:13:00,599.66,599.66,599.66,599.79,685.0
810,2024-11-11 09:14:00,599.85,599.79,599.79,599.79,650.0
811,2024-11-11 09:15:00,599.85,599.85,599.85,599.85,561.0
812,2024-11-11 09:16:00,599.82,599.82,599.82,599.82,504.0
813,2024-11-11 09:17:00,599.76,599.76,599.76,599.76,443.0
814,2024-11-11 09:18:00,600.01,600.01,600.01,600.03,642.0
815,2024-11-11 09:19:00,600.0,599.98,599.98,600.02,7260.0
816,2024-11-11 09:20:00,600.0,600.0,600.0,600.0,3310.0
817,2024-11-11 09:21:00,600.0,600.0,600.0,600.02,17179.0
818,2024-11-11 09:22:00,600.0,599.9,599.9,599.9,11518.0
819,2024-11-11 09:24:00,599.91,599.91,599.91,599.91,719.0
820,2024-11-11 09:25:00,599.88,599.88,599.88,599.88,365.0
821,2024-11-11 09:26:00,599.84,599.84,599.84,599.84,257.0
822,2024-11-11 09:27:00,599.88,599.88,599.88,599.88,255.0
823,2024-11-11 09:30:00,599.91,599.91,599.91,599.91,267.0
824,2024-11-11 09:32:00,599.98,599.97,599.97,599.97,554.0
825,2024-11-11 09:35:00,599.86,599.86,599.86,599.86,181.0
826,2024-11-11 09:36:00,599.95,599.95,599.95,599.95,119.0
827,2024-11-11 09:39:00,599.98,599.98,599.98,599.98,230.0
828,2024-11-11 09:41:00,600.0,600.0,600.0,600.0,1350.0
829,2024-11-11 09:42:00,599.95,599.95,599.95,599.95,323.0
830,2024-11-11 09:46:00,599.91,599.91,599.91,599.91,1129.0
831,2024-11-11 09:47:00,599.91,599.91,599.91,599.91,1035.0
832,2024-11-11 09:52:00,599.88,599.88,599.88,599.88,456.0
833,2024-11-11 09:53:00,599.87,599.87,599.87,599.87,245.0
834,2024-11-11 09:56:00,599.8,599.8,599.8,599.8,2239.0
835,2024-11-11 09:59:00,599.83,599.83,599.83,599.83,592.0
836,2024-11-11 10:03:00,599.86,599.86,599.86,599.86,1187.0
837,2024-11-11 10:05:00,599.88,599.88,599.88,599.88,674.0
838,2024-11-11 10:06:00,599.89,599.89,599.89,599.89,479.0
839,2024-11-11 10:17:00,599.85,599.85,599.85,599.85,238.0
840,2024-11-11 10:19:00,599.84,599.84,599.84,599.84,437.0
841,2024-11-11 10:21:00,599.81,599.81,599.81,599.81,184.0
842,2024-11-11 10:22:00,599.88,599.88,599.88,599.95,873.0
843,2024-11-11 10:23:00,599.9,599.9,599.9,599.9,1037.0
844,2024-11-11 10:26:00,599.9,599.9,599.9,599.9,256.0
845,2024-11-11 10:28:00,599.83,599.83,599.83,599.86,376.0
846,2024-11-11 10:37:00,599.93,599.93,599.93,599.93,159.0
847,2024-11-11 10:43:00,599.87,599.81,599.81,599.85,849.0
848,2024-11-11 10:44:00,599.85,599.85,599.85,599.85,299.0
849,2024-11-11 10:48:00,599.77,599.77,599.77,599.77,335.0
850,2024-11-11 10:49:00,599.77,599.77,599.77,599.77,868.0
851,2024-11-11 10:53:00,599.68,599.68,599.68,599.68,302.0
852,2024-11-11 10:57:00,599.65,599.65,599.65,599.65,443.0
853,2024-11-11 11:04:00,599.62,599.62,599.62,599.62,393.0
854,2024-11-11 11:05:00,599.65,599.65,599.65,599.65,468.0
855,2024-11-11 11:12:00,599.64,599.64,599.64,599.64,260.0
856,2024-11-11 11:18:00,599.65,599.65,599.65,599.65,125.0
857,2024-11-11 11:20:00,599.72,599.71,599.71,599.71,519.0
858,2024-11-11 11:25:00,599.76,599.76,599.76,599.76,258.0
859,2024-11-11 11:29:00,599.78,599.78,599.78,599.78,202.0
860,2024-11-11 11:30:00,599.75,599.75,599.75,599.75,302.0
861,2024-11-11 11:32:00,599.86,599.86,599.86,599.95,12481.0
862,2024-11-11 11:36:00,599.94,599.9,599.9,599.9,981.0
863,2024-11-11 11:37:00,599.94,599.94,599.94,599.94,226.0
864,2024-11-11 11:38:00,599.96,599.96,599.96,599.96,222.0
865,2024-11-11 11:39:00,599.94,599.94,599.94,599.94,153.0
866,2024-11-11 11:40:00,599.89,599.89,599.89,599.89,323.0
867,2024-11-11 11:43:00,599.89,599.82,599.82,599.89,1384.0
868,2024-11-11 11:46:00,599.96,599.96,599.96,599.96,1140.0
869,2024-11-11 11:49:00,599.92,599.92,599.92,599.92,1022.0
870,2024-11-11 11:50:00,599.99,599.98,599.98,599.98,2663.0
871,2024-11-11 11:58:00,599.98,599.98,599.98,599.98,302.0
872,2024-11-11 11:59:00,599.89,599.89,599.89,599.89,987.0
873,2024-11-11 12:00:00,599.9,599.9,599.9,599.93,2343.0
874,2024-11-11 12:01:00,599.98,599.98,599.98,599.98,700.0
875,2024-11-11 12:02:00,599.98,599.97,599.97,599.97,2185.0
876,2024-11-11 12:04:00,599.99,599.99,599.99,600.0,1278.0
877,2024-11-11 12:05:00,600.0,600.0,600.0,600.0,1242.0
878,2024-11-11 12:06:00,600.01,600.01,600.01,600.01,481.0
879,2024-11-11 12:09:00,600.01,599.98,599.98,599.98,1306.0
880,2024-11-11 12:10:00,600.1,600.1,600.1,600.23,3437.0
881,2024-11-11 12:11:00,600.2,600.2,600.2,600.2,596.0
882,2024-11-11 12:12:00,600.24,600.2,600.2,600.2,2052.0
883,2024-11-11 12:13:00,600.25,600.25,600.25,600.25,462.0
884,2024-11-11 12:14:00,600.26,600.26,600.26,600.26,512.0
885,2024-11-11 12:15:00,600.26,600.26,600.26,600.27,977.0
886,2024-11-11 12:16:00,600.27,600.27,600.27,600.27,10592.0
887,2024-11-11 12:17:00,600.26,600.24,600.24,600.24,2076.0
888,2024-11-11 12:18:00,600.3,600.3,600.3,600.3,1580.0
889,2024-11-11 12:19:00,600.32,600.29,600.29,600.299,1774.0
890,2024-11-11 12:21:00,600.3,600.26,600.26,600.26,2130.0
891,2024-11-11 12:22:00,600.28,600.25,600.25,600.25,917.0
892,2024-11-11 12:23:00,600.26,600.26,600.26,600.27,520.0
893,2024-11-11 12:24:00,600.3,600.3,600.3,600.3,767.0
894,2024-11-11 12:25:00,600.26,600.26,600.26,600.26,612.0
895,2024-11-11 12:26:00,600.27,600.27,600.27,600.27,1827.0
896,2024-11-11 12:27:00,600.35,600.35,600.35,600.4,2067.0
897,2024-11-11 12:29:00,600.429,600.381,600.381,600.381,826.0
898,2024-11-11 12:30:00,600.38,600.38,600.38,600.46,1452.0
899,2024-11-11 12:31:00,600.49,600.451,600.451,600.5,2335.0
900,2024-11-11 12:32:00,600.52,600.44,600.44,600.44,3571.0
901,2024-11-11 12:33:00,600.4,600.4,600.4,600.4,452.0
902,2024-11-11 12:34:00,600.48,600.48,600.48,600.52,1838.0
903,2024-11-11 12:35:00,600.51,600.47,600.47,600.47,2525.0
904,2024-11-11 12:36:00,600.53,600.53,600.53,600.54,930.0
905,2024-11-11 12:37:00,600.54,600.53,600.53,600.53,12846.0
906,2024-11-11 12:38:00,600.52,600.5,600.5,600.5,3986.0
907,2024-11-11 12:39:00,600.5,600.5,600.5,600.54,705.0
908,2024-11-11 12:40:00,600.54,600.54,600.54,600.55,3736.0
909,2024-11-11 12:41:00,600.57,600.57,600.57,600.65,3447.0
910,2024-11-11 12:42:00,600.66,600.64,600.64,600.64,1455.0
911,2024-11-11 12:44:00,600.7,600.7,600.7,600.85,30544.0
912,2024-11-11 12:45:00,600.78,600.75,600.75,600.78,4100.0
913,2024-11-11 12:46:00,600.82,600.78,600.78,600.88,3842.0
914,2024-11-11 12:47:00,600.89,600.89,600.89,600.96,2427.0
915,2024-11-11 12:48:00,600.98,600.94,600.94,600.94,1128.0
916,2024-11-11 12:49:00,600.82,600.82,600.82,600.82,484.0
917,2024-11-11 12:50:00,600.86,600.81,600.81,600.83,2103.0
918,2024-11-11 12:51:00,600.84,600.84,600.84,600.84,299.0
919,2024-11-11 12:52:00,600.86,600.85,600.85,600.85,547.0
920,2024-11-11 12:54:00,600.8,600.8,600.8,600.8,492.0
921,2024-11-11 12:55:00,600.8,600.75,600.75,600.75,1622.0
922,2024-11-11 12:57:00,600.77,600.6,600.6,600.6,26212.0
923,2024-11-11 12:58:00,600.67,600.67,600.67,600.67,765.0
924,2024-11-11 13:00:00,599.9006,599.3,599.3,599.34,70702.0
925,2024-11-11 13:01:00,599.4,599.22,599.22,599.83,32948.0
926,2024-11-11 13:02:00,600.7499,600.7499,600.7499,600.8,11119.0
927,2024-11-11 13:03:00,600.8,600.8,600.8,600.8,741.0
928,2024-11-11 13:04:00,600.791,600.77,600.77,600.77,5853.0
929,2024-11-11 13:05:00,600.8209,600.8209,600.8209,600.8209,611.0
930,2024-11-11 13:06:00,600.77,600.77,600.77,600.79,11638.0
931,2024-11-11 13:07:00,600.67,600.62,600.62,600.65,2284.0
932,2024-11-11 13:08:00,600.62,600.62,600.62,600.66,2242.0
933,2024-11-11 13:09:00,600.64,600.64,600.64,600.66,1127.0
934,2024-11-11 13:10:00,600.66,600.66,600.66,600.67,945.0
935,2024-11-11 13:11:00,600.68,600.6209,600.6209,600.6799,1129.0
936,2024-11-11 13:12:00,600.68,600.68,600.68,600.71,1354.0
937,2024-11-11 13:13:00,600.74,600.74,600.74,600.74,353.0
938,2024-11-11 13:14:00,600.75,600.7486,600.7486,600.7486,2238.0
939,2024-11-11 13:15:00,600.66,600.58,600.58,600.59,2805.0
940,2024-11-11 13:16:00,600.58,600.51,600.51,600.51,5899.0
941,2024-11-11 13:17:00,600.48,600.47,600.47,600.48,1837.0
942,2024-11-11 13:18:00,600.4999,600.4999,600.4999,600.53,1400.0
943,2024-11-11 13:19:00,600.48,600.46,600.46,600.46,855.0
944,2024-11-11 13:20:00,600.47,600.43,600.43,600.43,6486.0
945,2024-11-11 13:21:00,600.44,600.39,600.39,600.45,1959.0
946,2024-11-11 13:22:00,600.51,600.48,600.48,600.48,3144.0
947,2024-11-11 13:23:00,600.49,600.42,600.42,600.4801,6018.0
948,2024-11-11 13:24:00,600.48,600.48,600.48,600.48,897.0
949,2024-11-11 13:25:00,600.461,600.36,600.36,600.3611,1845.0
950,2024-11-11 13:26:00,600.37,600.32,600.32,600.43,5002.0
951,2024-11-11 13:27:00,600.45,600.45,600.45,600.45,971.0
952,2024-11-11 13:28:00,600.45,600.45,600.45,600.45,529.0
953,2024-11-11 13:29:00,600.44,600.41,600.41,600.41,4900.0
954,2024-11-11 13:30:00,600.44,600.4,600.4,600.4,2939.0
955,2024-11-11 13:31:00,600.4,600.35,600.35,600.35,3803.0
956,2024-11-11 13:32:00,600.3,600.22,600.22,600.25,4542.0
957,2024-11-11 13:33:00,600.2,600.1998,600.1998,600.2,1590.0
958,2024-11-11 13:34:00,600.21,600.1,600.1,600.1,7440.0
959,2024-11-11 13:35:00,600.05,599.75,599.75,599.78,11140.0
960,2024-11-11 13:36:00,599.79,599.79,599.79,599.96,3026.0
961,2024-11-11 13:37:00,599.95,599.83,599.83,599.8796,61379.0
962,2024-11-11 13:38:00,599.92,599.92,599.92,599.97,9789.0
963,2024-11-11 13:39:00,599.97,599.95,599.95,599.95,1645.0
964,2024-11-11 13:40:00,599.95,599.82,599.82,599.84,5885.0
965,2024-11-11 13:41:00,599.81,599.79,599.79,599.8396,2851.0
966,2024-11-11 13:42:00,599.82,599.75,599.75,599.7804,4256.0
967,2024-11-11 13:43:00,599.86,599.81,599.81,599.81,921.0
968,2024-11-11 13:44:00,599.9,599.9,599.9,599.909,1665.0
969,2024-11-11 13:45:00,599.91,599.91,599.91,600.04,4788.0
970,2024-11-11 13:46:00,600.06,599.99,599.99,600.0,1834.0
971,2024-11-11 13:47:00,599.96,599.96,599.96,600.01,3091.0
972,2024-11-11 13:48:00,600.0,600.0,600.0,600.0,1596.0
973,2024-11-11 13:49:00,599.92,599.8939,599.8939,599.9199,11077.0
974,2024-11-11 13:50:00,599.9,599.89,599.89,599.95,1736.0
975,2024-11-11 13:51:00,599.92,599.9,599.9,599.93,1852.0
976,2024-11-11 13:52:00,599.95,599.95,599.95,599.95,946.0
977,2024-11-11 13:53:00,599.91,599.88,599.88,599.88,11840.0
978,2024-11-11 13:54:00,599.911,599.87,599.87,599.89,2164.0
979,2024-11-11 13:55:00,599.9,599.9,599.9,599.9,844.0
980,2024-11-11 13:56:00,599.92,599.92,599.92,599.94,2723.0
981,2024-11-11 13:57:00,599.91,599.81,599.81,599.81,10256.0
982,2024-11-11 13:58:00,599.86,599.85,599.85,599.86,4166.0
983,2024-11-11 13:59:00,599.88,599.86,599.86,599.86,860.0
984,2024-11-11 14:00:00,599.88,599.76,599.76,599.76,2093.0
985,2024-11-11 14:01:00,599.78,599.74,599.74,599.789,6726.0
986,2024-11-11 14:02:00,599.8296,599.8296,599.8296,599.8296,749.0
987,2024-11-11 14:03:00,599.81,599.8,599.8,599.85,10607.0
988,2024-11-11 14:04:00,599.85,599.84,599.84,599.85,9319.0
989,2024-11-11 14:05:00,599.801,599.801,599.801,599.801,707.0
990,2024-11-11 14:06:00,599.88,599.88,599.88,599.88,1051.0
991,2024-11-11 14:07:00,599.9,599.88,599.88,599.88,662.0
992,2024-11-11 14:08:00,599.9,599.9,599.9,599.9,846.0
993,2024-11-11 14:09:00,599.8852,599.8852,599.8852,599.8852,1350.0
994,2024-11-11 14:10:00,599.8,599.74,599.74,599.78,3045.0
995,2024-11-11 14:11:00,599.79,599.7599,599.7599,599.79,1658.0
996,2024-11-11 14:12:00,599.779,599.779,599.779,599.779,827.0
997,2024-11-11 14:13:00,599.74,599.72,599.72,599.73,4385.0
998,2024-11-11 14:14:00,599.71,599.71,599.71,599.81,1350.0
999,2024-11-11 14:16:00,599.77,599.6604,599.6604,599.68,5945.0
1000,2024-11-11 14:17:00,599.67,599.63,599.63,599.7,5310.0
1001,2024-11-11 14:18:00,599.82,599.82,599.82,599.87,3656.0
1002,2024-11-11 14:19:00,599.86,599.85,599.85,599.85,4850.0
1003,2024-11-11 14:20:00,599.86,599.8,599.8,599.8,1746.0
1004,2024-11-11 14:21:00,599.78,599.78,599.78,599.78,378.0
1005,2024-11-11 14:22:00,599.8,599.79,599.79,599.84,3429.0
1006,2024-11-11 14:23:00,599.89,599.82,599.82,599.82,7555.0
1007,2024-11-11 14:24:00,599.8,599.78,599.78,599.83,3058.0
1008,2024-11-11 14:25:00,599.8,599.78,599.78,599.78,5774.0
1009,2024-11-11 14:26:00,599.77,599.75,599.75,599.76,5302.0
1010,2024-11-11 14:27:00,599.78,599.77,599.77,599.85,16190.0
1011,2024-11-11 14:28:00,599.84,599.78,599.78,599.8,13646.0
1012,2024-11-11 14:29:00,599.82,599.7803,599.7803,599.85,34846.0
1013,2024-11-11 14:30:00,599.81,599.81,599.81,599.98,635868.0
1014,2024-11-11 14:31:00,600.01,599.935,599.935,600.05,165557.0
1015,2024-11-11 14:32:00,600.04,599.81,599.81,599.85,145023.0
1016,2024-11-11 14:33:00,599.84,599.8,599.8,599.92,129448.0
1017,2024-11-11 14:34:00,599.92,599.49,599.49,599.535,255974.0
1018,2024-11-11 14:35:00,599.54,599.49,599.49,599.66,100449.0
1019,2024-11-11 14:36:00,599.67,599.67,599.67,600.0101,89356.0
1020,2024-11-11 14:37:00,600.0,599.86,599.86,599.92,117936.0
1021,2024-11-11 14:38:00,599.92,599.77,599.77,599.87,139152.0
1022,2024-11-11 14:39:00,599.86,599.84,599.84,599.86,155030.0
1023,2024-11-11 14:40:00,599.89,599.86,599.86,600.0701,202426.0
1024,2024-11-11 14:41:00,600.09,599.94,599.94,599.96,70051.0
1025,2024-11-11 14:42:00,599.9635,599.89,599.89,599.92,129780.0
1026,2024-11-11 14:43:00,599.91,599.62,599.62,599.62,99605.0
1027,2024-11-11 14:44:00,599.6,599.32,599.32,599.3846,116514.0
1028,2024-11-11 14:45:00,599.39,599.03,599.03,599.125,295468.0
1029,2024-11-11 14:46:00,599.13,599.03,599.03,599.17,120271.0
1030,2024-11-11 14:47:00,599.16,599.12,599.12,599.3648,222769.0
1031,2024-11-11 14:48:00,599.36,598.8901,598.8901,599.03,90578.0
1032,2024-11-11 14:49:00,599.03,599.03,599.03,599.285,120754.0
1033,2024-11-11 14:50:00,599.29,599.08,599.08,599.26,80919.0
1034,2024-11-11 14:51:00,599.26,599.19,599.19,599.24,130688.0
1035,2024-11-11 14:52:00,599.25,599.18,599.18,599.22,150862.0
1036,2024-11-11 14:53:00,599.25,599.15,599.15,599.36,56882.0
1037,2024-11-11 14:54:00,599.3799,599.16,599.16,599.2,44155.0
1038,2024-11-11 14:55:00,599.2599,599.05,599.05,599.28,70308.0
1039,2024-11-11 14:56:00,599.2423,599.11,599.11,599.26,63362.0
1040,2024-11-11 14:57:00,599.25,598.95,598.95,599.0299,109961.0
1041,2024-11-11 14:58:00,599.0201,599.01,599.01,599.23,56894.0
1042,2024-11-11 14:59:00,599.235,599.12,599.12,599.1619,47301.0
1043,2024-11-11 15:00:00,599.17,599.1001,599.1001,599.18,65083.0
1044,2024-11-11 15:01:00,599.185,599.06,599.06,599.06,77054.0
1045,2024-11-11 15:02:00,599.07,598.99,598.99,599.18,98986.0
1046,2024-11-11 15:03:00,599.17,599.04,599.04,599.12,98492.0
1047,2024-11-11 15:04:00,599.12,598.96,598.96,598.96,89109.0
1048,2024-11-11 15:05:00,598.97,598.89,598.89,598.94,94551.0
1049,2024-11-11 15:06:00,598.9402,598.89,598.89,598.935,91030.0
1050,2024-11-11 15:07:00,598.95,598.6701,598.6701,598.78,168850.0
1051,2024-11-11 15:08:00,598.8,598.72,598.72,598.95,89937.0
1052,2024-11-11 15:09:00,598.96,598.84,598.84,598.86,51446.0
1053,2024-11-11 15:10:00,598.86,598.805,598.805,598.945,83732.0
1054,2024-11-11 15:11:00,598.945,598.94,598.94,599.19,81673.0
1055,2024-11-11 15:12:00,599.19,598.83,598.83,598.86,77967.0
1056,2024-11-11 15:13:00,598.85,598.81,598.81,598.98,54973.0
1057,2024-11-11 15:14:00,598.99,598.9,598.9,598.96,45523.0
1058,2024-11-11 15:15:00,598.96,598.9,598.9,599.11,59356.0
1059,2024-11-11 15:16:00,599.12,598.9,598.9,598.93,113185.0
1060,2024-11-11 15:17:00,598.91,598.8,598.8,598.89,77653.0
1061,2024-11-11 15:18:00,598.89,598.81,598.81,598.81,40015.0
1062,2024-11-11 15:19:00,598.83,598.79,598.79,598.93,87355.0
1063,2024-11-11 15:20:00,598.94,598.8,598.8,598.805,76160.0
1064,2024-11-11 15:21:00,598.81,598.72,598.72,598.77,71400.0
1065,2024-11-11 15:22:00,598.775,598.63,598.63,598.755,75747.0
1066,2024-11-11 15:23:00,598.76,598.53,598.53,598.83,106127.0
1067,2024-11-11 15:24:00,598.82,598.81,598.81,599.0399,66389.0
1068,2024-11-11 15:25:00,599.02,598.9201,598.9201,599.025,60926.0
1069,2024-11-11 15:26:00,599.03,598.96,598.96,598.96,56391.0
1070,2024-11-11 15:27:00,598.95,598.89,598.89,598.93,31220.0
1071,2024-11-11 15:28:00,598.9099,598.9,598.9,599.1,112958.0
1072,2024-11-11 15:29:00,599.09,598.86,598.86,598.87,65519.0
1073,2024-11-11 15:30:00,598.88,598.88,598.88,599.09,51934.0
1074,2024-11-11 15:31:00,599.09,599.0301,599.0301,599.1056,34216.0
1075,2024-11-11 15:32:00,599.1,598.98,598.98,599.19,67237.0
1076,2024-11-11 15:33:00,599.18,599.18,599.18,599.31,100263.0
1077,2024-11-11 15:34:00,599.32,599.17,599.17,599.2,69949.0
1078,2024-11-11 15:35:00,599.195,599.17,599.17,599.33,45775.0
1079,2024-11-11 15:36:00,599.325,599.32,599.32,599.4001,121731.0
1080,2024-11-11 15:37:00,599.42,599.3549,599.3549,599.5,27946.0
1081,2024-11-11 15:38:00,599.52,599.5,599.5,599.6499,150300.0
1082,2024-11-11 15:39:00,599.645,599.61,599.61,599.83,76832.0
1083,2024-11-11 15:40:00,599.82,599.771,599.771,599.815,133087.0
1084,2024-11-11 15:41:00,599.81,599.65,599.65,599.65,76605.0
1085,2024-11-11 15:42:00,599.67,599.23,599.23,599.39,134062.0
1086,2024-11-11 15:43:00,599.37,599.28,599.28,599.28,41359.0
1087,2024-11-11 15:44:00,599.28,599.09,599.09,599.165,61071.0
1088,2024-11-11 15:45:00,599.1661,599.1109,599.1109,599.19,33719.0
1089,2024-11-11 15:46:00,599.2,599.145,599.145,599.31,35496.0
1090,2024-11-11 15:47:00,599.3,599.1201,599.1201,599.175,51746.0
1091,2024-11-11 15:48:00,599.17,599.075,599.075,599.24,52419.0
1092,2024-11-11 15:49:00,599.27,599.26,599.26,599.44,42040.0
1093,2024-11-11 15:50:00,599.44,599.26,599.26,599.28,43987.0
1094,2024-11-11 15:51:00,599.29,599.16,599.16,599.41,62879.0
1095,2024-11-11 15:52:00,599.41,599.41,599.41,599.48,55159.0
1096,2024-11-11 15:53:00,599.47,599.47,599.47,599.56,61595.0
1097,2024-11-11 15:54:00,599.57,599.5201,599.5201,599.65,45350.0
1098,2024-11-11 15:55:00,599.65,599.64,599.64,599.79,127833.0
1099,2024-11-11 15:56:00,599.79,599.55,599.55,599.73,104861.0
1100,2024-11-11 15:57:00,599.74,599.74,599.74,599.83,48041.0
1101,2024-11-11 15:58:00,599.84,599.76,599.76,599.83,41730.0
1102,2024-11-11 15:59:00,599.81,599.6101,599.6101,599.68,46077.0
1103,2024-11-11 16:00:00,599.69,599.62,599.62,599.7829,63729.0
1104,2024-11-11 16:01:00,599.77,599.695,599.695,599.905,49376.0
1105,2024-11-11 16:02:00,599.905,599.77,599.77,599.8108,44208.0
1106,2024-11-11 16:03:00,599.815,599.68,599.68,599.735,355910.0
1107,2024-11-11 16:04:00,599.76,599.62,599.62,599.62,39209.0
1108,2024-11-11 16:05:00,599.64,599.48,599.48,599.56,67459.0
1109,2024-11-11 16:06:00,599.56,599.3,599.3,599.5,74370.0
1110,2024-11-11 16:07:00,599.49,599.42,599.42,599.5899,34448.0
1111,2024-11-11 16:08:00,599.59,599.57,599.57,599.62,34136.0
1112,2024-11-11 16:09:00,599.6,599.55,599.55,599.6104,37882.0
1113,2024-11-11 16:10:00,599.615,599.56,599.56,599.58,25136.0
1114,2024-11-11 16:11:00,599.58,599.48,599.48,599.4999,36482.0
1115,2024-11-11 16:12:00,599.5,599.31,599.31,599.375,69449.0
1116,2024-11-11 16:13:00,599.37,599.34,599.34,599.47,43704.0
1117,2024-11-11 16:14:00,599.48,599.34,599.34,599.405,30326.0
1118,2024-11-11 16:15:00,599.41,599.11,599.11,599.35,69701.0
1119,2024-11-11 16:16:00,599.33,599.32,599.32,599.4,40521.0
1120,2024-11-11 16:17:00,599.41,599.32,599.32,599.3492,31763.0
1121,2024-11-11 16:18:00,599.345,599.315,599.315,599.34,24914.0
1122,2024-11-11 16:19:00,599.335,599.2502,599.2502,599.4099,31872.0
1123,2024-11-11 16:20:00,599.405,599.38,599.38,599.475,25853.0
1124,2024-11-11 16:21:00,599.48,599.31,599.31,599.31,32647.0
1125,2024-11-11 16:22:00,599.32,599.24,599.24,599.375,40954.0
1126,2024-11-11 16:23:00,599.37,599.35,599.35,599.43,25943.0
1127,2024-11-11 16:24:00,599.43,599.32,599.32,599.32,44070.0
1128,2024-11-11 16:25:00,599.33,599.12,599.12,599.185,48292.0
1129,2024-11-11 16:26:00,599.19,599.015,599.015,599.135,48527.0
1130,2024-11-11 16:27:00,599.1366,599.095,599.095,599.1799,34924.0
1131,2024-11-11 16:28:00,599.175,599.075,599.075,599.085,32041.0
1132,2024-11-11 16:29:00,599.085,599.065,599.065,599.09,40408.0
1133,2024-11-11 16:30:00,599.1,599.01,599.01,599.14,44494.0
1134,2024-11-11 16:31:00,599.135,599.01,599.01,599.02,36348.0
1135,2024-11-11 16:32:00,599.02,598.93,598.93,599.18,63844.0
1136,2024-11-11 16:33:00,599.185,599.0801,599.0801,599.14,71825.0
1137,2024-11-11 16:34:00,599.14,599.14,599.14,599.23,57694.0
1138,2024-11-11 16:35:00,599.25,599.23,599.23,599.29,45948.0
1139,2024-11-11 16:36:00,599.29,599.25,599.25,599.32,52560.0
1140,2024-11-11 16:37:00,599.33,599.29,599.29,599.43,30259.0
1141,2024-11-11 16:38:00,599.4395,599.42,599.42,599.51,52301.0
1142,2024-11-11 16:39:00,599.51,599.43,599.43,599.52,30629.0
1143,2024-11-11 16:40:00,599.52,599.31,599.31,599.3401,40526.0
1144,2024-11-11 16:41:00,599.355,599.25,599.25,599.29,48987.0
1145,2024-11-11 16:42:00,599.285,599.2108,599.2108,599.25,22463.0
1146,2024-11-11 16:43:00,599.2399,599.2,599.2,599.405,25134.0
1147,2024-11-11 16:44:00,599.405,599.34,599.34,599.345,33379.0
1148,2024-11-11 16:45:00,599.33,599.1801,599.1801,599.21,32408.0
1149,2024-11-11 16:46:00,599.21,599.2001,599.2001,599.29,26125.0
1150,2024-11-11 16:47:00,599.3099,599.285,599.285,599.45,31434.0
1151,2024-11-11 16:48:00,599.44,599.27,599.27,599.29,29466.0
1152,2024-11-11 16:49:00,599.28,599.25,599.25,599.35,25620.0
1153,2024-11-11 16:50:00,599.345,599.29,599.29,599.36,20634.0
1154,2024-11-11 16:51:00,599.345,599.28,599.28,599.37,18478.0
1155,2024-11-11 16:52:00,599.355,599.2901,599.2901,599.35,19623.0
1156,2024-11-11 16:53:00,599.34,599.23,599.23,599.2499,22890.0
1157,2024-11-11 16:54:00,599.2368,599.19,599.19,599.27,15878.0
1158,2024-11-11 16:55:00,599.275,599.27,599.27,599.39,22719.0
1159,2024-11-11 16:56:00,599.385,599.27,599.27,599.34,34189.0
1160,2024-11-11 16:57:00,599.34,599.29,599.29,599.355,17424.0
1161,2024-11-11 16:58:00,599.36,599.32,599.32,599.47,24307.0
1162,2024-11-11 16:59:00,599.475,599.39,599.39,599.445,27781.0
1163,2024-11-11 17:00:00,599.41,599.29,599.29,599.3,33415.0
1164,2024-11-11 17:01:00,599.29,599.26,599.26,599.44,26398.0
1165,2024-11-11 17:02:00,599.475,599.46,599.46,599.46,25517.0
1166,2024-11-11 17:03:00,599.46,599.32,599.32,599.325,17980.0
1167,2024-11-11 17:04:00,599.33,599.31,599.31,599.345,17252.0
1168,2024-11-11 17:05:00,599.34,599.31,599.31,599.3101,24370.0
1169,2024-11-11 17:06:00,599.36,599.2101,599.2101,599.2499,65086.0
1170,2024-11-11 17:07:00,599.26,599.17,599.17,599.19,24404.0
1171,2024-11-11 17:08:00,599.2,599.14,599.14,599.23,34372.0
1172,2024-11-11 17:09:00,599.24,599.15,599.15,599.2002,35327.0
1173,2024-11-11 17:10:00,599.21,599.13,599.13,599.16,25700.0
1174,2024-11-11 17:11:00,599.17,599.13,599.13,599.17,18299.0
1175,2024-11-11 17:12:00,599.165,599.12,599.12,599.12,44672.0
1176,2024-11-11 17:13:00,599.1301,599.05,599.05,599.12,29389.0
1177,2024-11-11 17:14:00,599.13,599.06,599.06,599.19,19422.0
1178,2024-11-11 17:15:00,599.19,599.0901,599.0901,599.1,25104.0
1179,2024-11-11 17:16:00,599.08,599.07,599.07,599.0701,18899.0
1180,2024-11-11 17:17:00,599.08,598.98,598.98,598.99,30913.0
1181,2024-11-11 17:18:00,598.95,598.82,598.82,598.91,39937.0
1182,2024-11-11 17:19:00,598.9299,598.7601,598.7601,598.8,32085.0
1183,2024-11-11 17:20:00,598.815,598.76,598.76,598.8086,34099.0
1184,2024-11-11 17:21:00,598.81,598.73,598.73,598.9,31667.0
1185,2024-11-11 17:22:00,598.9,598.89,598.89,599.04,36532.0
1186,2024-11-11 17:23:00,599.035,598.865,598.865,598.865,47055.0
1187,2024-11-11 17:24:00,598.85,598.74,598.74,598.775,22509.0
1188,2024-11-11 17:25:00,598.775,598.745,598.745,598.8,27038.0
1189,2024-11-11 17:26:00,598.7765,598.685,598.685,598.71,53875.0
1190,2024-11-11 17:27:00,598.715,598.7,598.7,598.75,25655.0
1191,2024-11-11 17:28:00,598.76,598.7,598.7,598.75,35590.0
1192,2024-11-11 17:29:00,598.75,598.71,598.71,598.8091,49180.0
1193,2024-11-11 17:30:00,598.8,598.74,598.74,598.8192,40181.0
1194,2024-11-11 17:31:00,598.815,598.75,598.75,598.77,63026.0
1195,2024-11-11 17:32:00,598.7601,598.7408,598.7408,598.9,29259.0
1196,2024-11-11 17:33:00,598.88,598.84,598.84,599.0,52800.0
1197,2024-11-11 17:34:00,599.0,598.88,598.88,598.9801,65233.0
1198,2024-11-11 17:35:00,598.9701,598.89,598.89,598.9,331075.0
1199,2024-11-11 17:36:00,598.9,598.8201,598.8201,598.85,34714.0
1200,2024-11-11 17:37:00,598.8499,598.83,598.83,598.852,16216.0
1201,2024-11-11 17:38:00,598.88,598.77,598.77,598.815,29011.0
1202,2024-11-11 17:39:00,598.815,598.7,598.7,598.705,23586.0
1203,2024-11-11 17:40:00,598.71,598.68,598.68,598.71,31598.0
1204,2024-11-11 17:41:00,598.71,598.52,598.52,598.53,77512.0
1205,2024-11-11 17:42:00,598.52,598.52,598.52,598.55,44127.0
1206,2024-11-11 17:43:00,598.56,598.52,598.52,598.54,23665.0
1207,2024-11-11 17:44:00,598.544,598.544,598.544,598.6399,34191.0
1208,2024-11-11 17:45:00,598.63,598.48,598.48,598.5,43207.0
1209,2024-11-11 17:46:00,598.5,598.375,598.375,598.42,84824.0
1210,2024-11-11 17:47:00,598.4099,598.4099,598.4099,598.44,854104.0
1211,2024-11-11 17:48:00,598.44,598.42,598.42,598.4999,50239.0
1212,2024-11-11 17:49:00,598.4925,598.39,598.39,598.395,26750.0
1213,2024-11-11 17:50:00,598.3902,598.29,598.29,598.49,85924.0
1214,2024-11-11 17:51:00,598.48,598.48,598.48,598.56,54725.0
1215,2024-11-11 17:52:00,598.55,598.54,598.54,598.7634,53522.0
1216,2024-11-11 17:53:00,598.7601,598.53,598.53,598.5586,40504.0
1217,2024-11-11 17:54:00,598.56,598.555,598.555,598.5901,30712.0
1218,2024-11-11 17:55:00,598.59,598.4501,598.4501,598.55,40269.0
1219,2024-11-11 17:56:00,598.54,598.4301,598.4301,598.4301,48049.0
1220,2024-11-11 17:57:00,598.43,598.37,598.37,598.405,58524.0
1221,2024-11-11 17:58:00,598.4099,598.26,598.26,598.2999,78302.0
1222,2024-11-11 17:59:00,598.2899,598.2106,598.2106,598.23,49793.0
1223,2024-11-11 18:00:00,598.21,597.8625,597.8625,597.87,153095.0
1224,2024-11-11 18:01:00,597.8593,597.73,597.73,597.8886,130150.0
1225,2024-11-11 18:02:00,597.89,597.4025,597.4025,597.52,126837.0
1226,2024-11-11 18:03:00,597.51,597.51,597.51,597.67,81109.0
1227,2024-11-11 18:04:00,597.7,597.68,597.68,597.705,74918.0
1228,2024-11-11 18:05:00,597.7,597.51,597.51,597.56,45908.0
1229,2024-11-11 18:06:00,597.54,597.4,597.4,597.44,42674.0
1230,2024-11-11 18:07:00,597.43,597.39,597.39,597.7,96192.0
1231,2024-11-11 18:08:00,597.69,597.69,597.69,597.74,106655.0
1232,2024-11-11 18:09:00,597.74,597.67,597.67,597.72,57302.0
1233,2024-11-11 18:10:00,597.72,597.5,597.5,597.5,105145.0
1234,2024-11-11 18:11:00,597.5,597.4,597.4,597.55,91711.0
1235,2024-11-11 18:12:00,597.545,597.35,597.35,597.505,105671.0
1236,2024-11-11 18:13:00,597.51,597.4729,597.4729,597.4729,83267.0
1237,2024-11-11 18:14:00,597.48,597.41,597.41,597.69,38120.0
1238,2024-11-11 18:15:00,597.7,597.68,597.68,597.715,98330.0
1239,2024-11-11 18:16:00,597.7,597.57,597.57,597.64,47236.0
1240,2024-11-11 18:17:00,597.6599,597.6019,597.6019,597.6019,17190.0
1241,2024-11-11 18:18:00,597.6,597.5,597.5,597.54,24024.0
1242,2024-11-11 18:19:00,597.52,597.4501,597.4501,597.4501,20519.0
1243,2024-11-11 18:20:00,597.47,597.36,597.36,597.44,43393.0
1244,2024-11-11 18:21:00,597.45,597.02,597.02,597.115,107491.0
1245,2024-11-11 18:22:00,597.0722,597.0,597.0,597.115,72948.0
1246,2024-11-11 18:23:00,597.1399,597.02,597.02,597.37,53043.0
1247,2024-11-11 18:24:00,597.37,597.185,597.185,597.1999,39351.0
1248,2024-11-11 18:25:00,597.18,597.14,597.14,597.27,39646.0
1249,2024-11-11 18:26:00,597.2699,597.26,597.26,597.55,72249.0
1250,2024-11-11 18:27:00,597.56,597.5,597.5,597.595,54594.0
1251,2024-11-11 18:28:00,597.6,597.6,597.6,597.6999,38512.0
1252,2024-11-11 18:29:00,597.7,597.695,597.695,597.85,49155.0
1253,2024-11-11 18:30:00,597.85,597.6778,597.6778,597.6999,42437.0
1254,2024-11-11 18:31:00,597.685,597.65,597.65,597.71,36565.0
1255,2024-11-11 18:32:00,597.727471,597.64,597.64,597.6601,15140.0
1256,2024-11-11 18:33:00,597.67,597.5701,597.5701,597.62,54055.0
1257,2024-11-11 18:34:00,597.63,597.6126,597.6126,597.655,66928.0
1258,2024-11-11 18:35:00,597.655,597.6312,597.6312,597.69,34177.0
1259,2024-11-11 18:36:00,597.7,597.7,597.7,597.86,70168.0
1260,2024-11-11 18:37:00,597.87,597.87,597.87,597.975,57767.0
1261,2024-11-11 18:38:00,597.98,597.975,597.975,598.035,37928.0
1262,2024-11-11 18:39:00,598.04,597.96,597.96,597.99,31996.0
1263,2024-11-11 18:40:00,598.0,597.99,597.99,598.15,54089.0
1264,2024-11-11 18:41:00,598.15,598.07,598.07,598.15,36104.0
1265,2024-11-11 18:42:00,598.135,597.945,597.945,597.97,34396.0
1266,2024-11-11 18:43:00,597.96,597.96,597.96,598.105,42664.0
1267,2024-11-11 18:44:00,598.1,598.0801,598.0801,598.09,32034.0
1268,2024-11-11 18:45:00,598.0932,598.0,598.0,598.075,26885.0
1269,2024-11-11 18:46:00,598.08,598.08,598.08,598.215,45260.0
1270,2024-11-11 18:47:00,598.215,598.21,598.21,598.3699,32312.0
1271,2024-11-11 18:48:00,598.36,598.15,598.15,598.1946,82030.0
1272,2024-11-11 18:49:00,598.19,598.17,598.17,598.2701,25642.0
1273,2024-11-11 18:50:00,598.28,598.2714,598.2714,598.3099,30270.0
1274,2024-11-11 18:51:00,598.315,598.295,598.295,598.4608,39973.0
1275,2024-11-11 18:52:00,598.47,598.355,598.355,598.47,36863.0
1276,2024-11-11 18:53:00,598.48,598.42,598.42,598.45,46531.0
1277,2024-11-11 18:54:00,598.445,598.38,598.38,598.43,37496.0
1278,2024-11-11 18:55:00,598.42,598.28,598.28,598.3,57295.0
1279,2024-11-11 18:56:00,598.31,598.2,598.2,598.305,62003.0
1280,2024-11-11 18:57:00,598.31,598.255,598.255,598.301,17977.0
1281,2024-11-11 18:58:00,598.31,598.165,598.165,598.2399,38532.0
1282,2024-11-11 18:59:00,598.24,598.1901,598.1901,598.23,19631.0
1283,2024-11-11 19:00:00,598.24,598.13,598.13,598.135,46389.0
1284,2024-11-11 19:01:00,598.135,598.05,598.05,598.1999,83880.0
1285,2024-11-11 19:02:00,598.19,598.1101,598.1101,598.18,22306.0
1286,2024-11-11 19:03:00,598.17,598.155,598.155,598.29,29042.0
1287,2024-11-11 19:04:00,598.29,598.075,598.075,598.15,70218.0
1288,2024-11-11 19:05:00,598.14,598.091,598.091,598.095,60129.0
1289,2024-11-11 19:06:00,598.0999,598.09,598.09,598.14,30548.0
1290,2024-11-11 19:07:00,598.1499,598.1499,598.1499,598.27,17795.0
1291,2024-11-11 19:08:00,598.27,598.25,598.25,598.265,30252.0
1292,2024-11-11 19:09:00,598.26,598.23,598.23,598.26,31290.0
1293,2024-11-11 19:10:00,598.26,598.1414,598.1414,598.17,28113.0
1294,2024-11-11 19:11:00,598.16,598.01,598.01,598.04,48028.0
1295,2024-11-11 19:12:00,598.05,598.04,598.04,598.08,42979.0
1296,2024-11-11 19:13:00,598.1004,598.0201,598.0201,598.0499,23271.0
1297,2024-11-11 19:14:00,598.04,598.0042,598.0042,598.07,27519.0
1298,2024-11-11 19:15:00,598.07,598.07,598.07,598.13,33547.0
1299,2024-11-11 19:16:00,598.15,598.15,598.15,598.28,36548.0
1300,2024-11-11 19:17:00,598.285,598.145,598.145,598.15,30488.0
1301,2024-11-11 19:18:00,598.14,598.0,598.0,598.04,32623.0
1302,2024-11-11 19:19:00,598.04,598.04,598.04,598.1,29247.0
1303,2024-11-11 19:20:00,598.1,598.06,598.06,598.11,27767.0
1304,2024-11-11 19:21:00,598.115,598.1,598.1,598.11,26019.0
1305,2024-11-11 19:22:00,598.13,598.125,598.125,598.1698,33541.0
1306,2024-11-11 19:23:00,598.175,598.1009,598.1009,598.14,12776.0
1307,2024-11-11 19:24:00,598.14,598.1101,598.1101,598.12,13153.0
1308,2024-11-11 19:25:00,598.15,598.08,598.08,598.1063,35843.0
1309,2024-11-11 19:26:00,598.12,598.12,598.12,598.2585,34350.0
1310,2024-11-11 19:27:00,598.26,598.1101,598.1101,598.13,25213.0
1311,2024-11-11 19:28:00,598.15,598.1,598.1,598.2,19165.0
1312,2024-11-11 19:29:00,598.2,598.1148,598.1148,598.1437,17365.0
1313,2024-11-11 19:30:00,598.16,598.01,598.01,598.03,34115.0
1314,2024-11-11 19:31:00,598.035,598.035,598.035,598.215,25804.0
1315,2024-11-11 19:32:00,598.2199,598.2,598.2,598.26,29844.0
1316,2024-11-11 19:33:00,598.255,598.1401,598.1401,598.215,30169.0
1317,2024-11-11 19:34:00,598.225,598.225,598.225,598.3999,202551.0
1318,2024-11-11 19:35:00,598.395,598.251,598.251,598.29,39018.0
1319,2024-11-11 19:36:00,598.29666,598.28,598.28,598.28,27209.0
1320,2024-11-11 19:37:00,598.28,598.26,598.26,598.2698,42548.0
1321,2024-11-11 19:38:00,598.26,598.18,598.18,598.3,32711.0
1322,2024-11-11 19:39:00,598.3099,598.23,598.23,598.29,26302.0
1323,2024-11-11 19:40:00,598.3,598.26,598.26,598.32,29615.0
1324,2024-11-11 19:41:00,598.31,598.225,598.225,598.315,18062.0
1325,2024-11-11 19:42:00,598.31,598.27,598.27,598.29,20877.0
1326,2024-11-11 19:43:00,598.305,598.25,598.25,598.26,14823.0
1327,2024-11-11 19:44:00,598.265,598.2,598.2,598.23,24691.0
1328,2024-11-11 19:45:00,598.24,598.14,598.14,598.14,28284.0
1329,2024-11-11 19:46:00,598.13,598.0401,598.0401,598.0999,28361.0
1330,2024-11-11 19:47:00,598.095,598.06,598.06,598.06,17612.0
1331,2024-11-11 19:48:00,598.0599,598.0599,598.0599,598.26,74765.0
1332,2024-11-11 19:49:00,598.27,598.27,598.27,598.325,31846.0
1333,2024-11-11 19:50:00,598.3399,598.21,598.21,598.27,27064.0
1334,2024-11-11 19:51:00,598.28,598.2314,598.2314,598.2314,60322.0
1335,2024-11-11 19:52:00,598.22,598.12,598.12,598.165,194399.0
1336,2024-11-11 19:53:00,598.17,598.17,598.17,598.235,25905.0
1337,2024-11-11 19:54:00,598.2375,598.16,598.16,598.1701,27230.0
1338,2024-11-11 19:55:00,598.18,598.16,598.16,598.21,32007.0
1339,2024-11-11 19:56:00,598.22,598.1701,598.1701,598.21,27296.0
1340,2024-11-11 19:57:00,598.215,598.17,598.17,598.245,73105.0
1341,2024-11-11 19:58:00,598.245,598.1897,598.1897,598.23,43205.0
1342,2024-11-11 19:59:00,598.21,598.21,598.21,598.2885,67536.0
1343,2024-11-11 20:00:00,598.29,598.13,598.13,598.16784,51080.0
1344,2024-11-11 20:01:00,598.1601,598.1,598.1,598.21,37603.0
1345,2024-11-11 20:02:00,598.22,598.04,598.04,598.0799,34185.0
1346,2024-11-11 20:03:00,598.09,598.09,598.09,598.11,20572.0
1347,2024-11-11 20:04:00,598.12,598.0814,598.0814,598.1899,38203.0
1348,2024-11-11 20:05:00,598.185,598.1699,598.1699,598.245,44657.0
1349,2024-11-11 20:06:00,598.245,598.2,598.2,598.3,59206.0
1350,2024-11-11 20:07:00,598.305,598.25,598.25,598.255,56229.0
1351,2024-11-11 20:08:00,598.25,598.24,598.24,598.35,30532.0
1352,2024-11-11 20:09:00,598.36,598.35,598.35,598.4,45912.0
1353,2024-11-11 20:10:00,598.4,598.37,598.37,598.385,144689.0
1354,2024-11-11 20:11:00,598.38,598.29,598.29,598.365,38060.0
1355,2024-11-11 20:12:00,598.36,598.3,598.3,598.36,36935.0
1356,2024-11-11 20:13:00,598.36,598.26,598.26,598.35,170013.0
1357,2024-11-11 20:14:00,598.355,598.3301,598.3301,598.35,43176.0
1358,2024-11-11 20:15:00,598.36,598.24,598.24,598.245,57303.0
1359,2024-11-11 20:16:00,598.25,598.2,598.2,598.29,44048.0
1360,2024-11-11 20:17:00,598.3,598.25,598.25,598.395,66135.0
1361,2024-11-11 20:18:00,598.3901,598.3001,598.3001,598.4,91646.0
1362,2024-11-11 20:19:00,598.41,598.34,598.34,598.35,33648.0
1363,2024-11-11 20:20:00,598.35,598.32,598.32,598.3301,87201.0
1364,2024-11-11 20:21:00,598.34,598.28,598.28,598.28,45444.0
1365,2024-11-11 20:22:00,598.29,598.2511,598.2511,598.38,46471.0
1366,2024-11-11 20:23:00,598.39,598.3301,598.3301,598.335,48850.0
1367,2024-11-11 20:24:00,598.34,598.255,598.255,598.285,43594.0
1368,2024-11-11 20:25:00,598.2899,598.21,598.21,598.215,69026.0
1369,2024-11-11 20:26:00,598.22,598.15,598.15,598.195,69940.0
1370,2024-11-11 20:27:00,598.19,598.17,598.17,598.2,23786.0
1371,2024-11-11 20:28:00,598.2,598.11,598.11,598.1801,28785.0
1372,2024-11-11 20:29:00,598.19,598.17,598.17,598.2799,30887.0
1373,2024-11-11 20:30:00,598.27,598.15,598.15,598.1813,84239.0
1374,2024-11-11 20:31:00,598.18,598.0,598.0,598.01,196193.0
1375,2024-11-11 20:32:00,598.01,598.01,598.01,598.05,43911.0
1376,2024-11-11 20:33:00,598.06,598.0101,598.0101,598.07,51491.0
1377,2024-11-11 20:34:00,598.07,598.07,598.07,598.25,67855.0
1378,2024-11-11 20:35:00,598.25,598.25,598.25,598.28,78016.0
1379,2024-11-11 20:36:00,598.285,598.26,598.26,598.29,61815.0
1380,2024-11-11 20:37:00,598.28,598.261,598.261,598.28,57318.0
1381,2024-11-11 20:38:00,598.29,598.2,598.2,598.32,62860.0
1382,2024-11-11 20:39:00,598.31,598.31,598.31,598.405,125514.0
1383,2024-11-11 20:40:00,598.405,598.35,598.35,598.41,304914.0
1384,2024-11-11 20:41:00,598.38,598.33,598.33,598.4,231804.0
1385,2024-11-11 20:42:00,598.39,598.245,598.245,598.28,140537.0
1386,2024-11-11 20:43:00,598.28,598.2,598.2,598.355,105353.0
1387,2024-11-11 20:44:00,598.3501,598.2728,598.2728,598.2728,78110.0
1388,2024-11-11 20:45:00,598.28,598.19,598.19,598.2104,108306.0
1389,2024-11-11 20:46:00,598.22,597.98,597.98,598.02,117647.0
1390,2024-11-11 20:47:00,598.0,598.0,598.0,598.2,53710.0
1391,2024-11-11 20:48:00,598.2,598.195,598.195,598.265,80183.0
1392,2024-11-11 20:49:00,598.265,598.03,598.03,598.04,220915.0
1393,2024-11-11 20:50:00,598.07,598.02,598.02,598.39,144161.0
1394,2024-11-11 20:51:00,598.3999,598.34,598.34,598.43,127164.0
1395,2024-11-11 20:52:00,598.43,598.2,598.2,598.34,92706.0
1396,2024-11-11 20:53:00,598.34,598.34,598.34,598.45,57909.0
1397,2024-11-11 20:54:00,598.44,598.15,598.15,598.2101,186711.0
1398,2024-11-11 20:55:00,598.2,597.99,597.99,598.07,151513.0
1399,2024-11-11 20:56:00,598.06,598.03,598.03,598.15,229905.0
1400,2024-11-11 20:57:00,598.145,598.12,598.12,598.2,1191307.0
1401,2024-11-11 20:58:00,598.1915,598.17,598.17,598.2,475359.0
1402,2024-11-11 20:59:00,598.21,598.17,598.17,598.72,2355736.0
1403,2024-11-11 21:00:00,598.71,598.17,598.17,598.36,350613.0
1404,2024-11-11 21:01:00,598.3504,598.35,598.35,598.47,32626.0
1405,2024-11-11 21:02:00,598.45,598.43,598.43,598.44,33121.0
1406,2024-11-11 21:03:00,598.48,598.48,598.48,598.59,595103.0
1407,2024-11-11 21:04:00,598.58,598.56,598.56,598.67,170324.0
1408,2024-11-11 21:05:00,598.6,598.53,598.53,598.65,51705.0
1409,2024-11-11 21:06:00,598.65,598.3965,598.3965,598.73,206594.0
1410,2024-11-11 21:07:00,598.74,598.6,598.6,598.64,34364.0
1411,2024-11-11 21:08:00,598.61,598.6,598.6,598.66,138528.0
1412,2024-11-11 21:09:00,598.7,598.61,598.61,598.67,8209.0
1413,2024-11-11 21:10:00,598.67,598.61,598.61,598.63,2409857.0
1414,2024-11-11 21:11:00,598.63,598.63,598.63,598.68,2748.0
1415,2024-11-11 21:12:00,598.4411,598.4411,598.4411,598.72,51762.0
1416,2024-11-11 21:13:00,598.64,598.44,598.44,598.53,101209.0
1417,2024-11-11 21:14:00,598.53,598.37,598.37,598.44,449170.0
1418,2024-11-11 21:15:00,598.5,598.43,598.43,598.55,53822.0
1419,2024-11-11 21:16:00,598.54,598.54,598.54,598.58,25251.0
1420,2024-11-11 21:17:00,598.6,598.6,598.6,598.6,596.0
1421,2024-11-11 21:18:00,598.5901,598.5901,598.5901,598.63,2859.0
1422,2024-11-11 21:19:00,598.64,598.62,598.62,598.64,48214.0
1423,2024-11-11 21:20:00,598.64,598.61,598.61,598.62,10943.0
1424,2024-11-11 21:21:00,598.63,598.58,598.58,598.59,1366.0
1425,2024-11-11 21:22:00,598.5901,598.5901,598.5901,598.5901,629.0
1426,2024-11-11 21:23:00,598.62,598.59,598.59,598.59,2774.0
1427,2024-11-11 21:24:00,598.58,598.5,598.5,598.56,77606.0
1428,2024-11-11 21:25:00,598.56,598.56,598.56,598.56,18854.0
1429,2024-11-11 21:26:00,598.54,598.44,598.44,598.45,8416.0
1430,2024-11-11 21:27:00,598.51,598.46,598.46,598.55,1417.0
1431,2024-11-11 21:28:00,598.57,598.57,598.57,598.57,482.0
1432,2024-11-11 21:29:00,598.56,598.56,598.56,598.56,285.0
1433,2024-11-11 21:30:00,598.51,598.51,598.51,598.52,588.0
1434,2024-11-11 21:32:00,598.5403,598.5306,598.5306,598.5306,840.0
1435,2024-11-11 21:33:00,598.52,598.51,598.51,598.51,789.0
1436,2024-11-11 21:34:00,598.49,598.49,598.49,598.49,599.0
1437,2024-11-11 21:37:00,598.56,598.56,598.56,598.56,1210.0
1438,2024-11-11 21:39:00,598.56,598.56,598.56,598.59,2319.0
1439,2024-11-11 21:40:00,598.59,598.59,598.59,598.59,774.0
1440,2024-11-11 21:41:00,598.59,598.58,598.58,598.58,1143.0
1441,2024-11-11 21:43:00,598.6,598.59,598.59,598.59,132200.0
1442,2024-11-11 21:44:00,598.58,598.58,598.58,598.76,350527.0
1443,2024-11-11 21:46:00,598.59,598.59,598.59,598.6128,2032.0
1444,2024-11-11 21:47:00,598.58,598.58,598.58,598.58,1070.0
1445,2024-11-11 21:48:00,598.58,598.5,598.5,598.5,11462.0
1446,2024-11-11 21:49:00,598.53,598.5,598.5,598.54,13001.0
1447,2024-11-11 21:50:00,598.5601,598.55,598.55,598.55,343.0
1448,2024-11-11 21:51:00,598.56,598.56,598.56,598.56,430.0
1449,2024-11-11 21:52:00,598.6,598.6,598.6,598.6,4995.0
1450,2024-11-11 21:53:00,598.57,598.57,598.57,598.58,10108.0
1451,2024-11-11 21:54:00,598.58,598.57,598.57,598.58,8010.0
1452,2024-11-11 21:55:00,598.54,598.52,598.52,598.53,5494.0
1453,2024-11-11 21:56:00,598.5,598.5,598.5,598.5,1329.0
1454,2024-11-11 21:57:00,598.45,598.45,598.45,598.45,589.0
1455,2024-11-11 21:58:00,598.45,598.41,598.41,598.41,5916.0
1456,2024-11-11 21:59:00,598.4,598.38,598.38,598.38,1463.0
1457,2024-11-11 22:00:00,598.37,598.37,598.37,598.76,154235.0
1458,2024-11-11 22:01:00,598.35,598.35,598.35,598.35,251.0
1459,2024-11-11 22:03:00,598.32,598.31,598.31,598.31,1147.0
1460,2024-11-11 22:04:00,598.38,598.38,598.38,598.3899,2199.0
1461,2024-11-11 22:05:00,598.39,598.39,598.39,598.39,2308.0
1462,2024-11-11 22:06:00,598.39,598.39,598.39,598.39,806.0
1463,2024-11-11 22:07:00,598.351,598.351,598.351,598.39,544.0
1464,2024-11-11 22:09:00,598.39,598.39,598.39,598.39,1555.0
1465,2024-11-11 22:10:00,598.39,598.39,598.39,598.39,710.0
1466,2024-11-11 22:11:00,598.39,598.3587,598.3587,598.3587,1455.0
1467,2024-11-11 22:13:00,598.36,598.36,598.36,598.39,457.0
1468,2024-11-11 22:14:00,598.39,598.33,598.33,598.33,1163.0
1469,2024-11-11 22:16:00,598.39,598.39,598.39,598.39,1041.0
1470,2024-11-11 22:18:00,598.3,598.27,598.27,598.27,4513.0
1471,2024-11-11 22:19:00,598.27,598.2699,598.2699,598.27,3669.0
1472,2024-11-11 22:20:00,598.267,598.267,598.267,598.267,342.0
1473,2024-11-11 22:23:00,598.3,598.3,598.3,598.3,170.0
1474,2024-11-11 22:24:00,598.3,598.3,598.3,598.33,752.0
1475,2024-11-11 22:25:00,598.37,598.37,598.37,598.37,1294.0
1476,2024-11-11 22:26:00,598.37,598.2,598.2,598.2,6196.0
1477,2024-11-11 22:27:00,598.3,598.22,598.22,598.22,1606.0
1478,2024-11-11 22:28:00,598.35,598.35,598.35,598.35,171.0
1479,2024-11-11 22:29:00,598.3376,598.3376,598.3376,598.3376,163.0
1480,2024-11-11 22:30:00,598.3498,598.3,598.3,598.3,1036.0
1481,2024-11-11 22:33:00,598.31,598.31,598.31,598.31,641.0
1482,2024-11-11 22:34:00,598.26,598.23,598.23,598.23,1790.0
1483,2024-11-11 22:35:00,598.23,598.23,598.23,598.23,219.0
1484,2024-11-11 22:36:00,598.23,598.23,598.23,598.23,212.0
1485,2024-11-11 22:37:00,598.23,598.23,598.23,598.23,980.0
1486,2024-11-11 22:38:00,598.23,598.23,598.23,598.23,377.0
1487,2024-11-11 22:42:00,598.29,598.23,598.23,598.23,288.0
1488,2024-11-11 22:43:00,598.29,598.29,598.29,598.29,292.0
1489,2024-11-11 22:44:00,598.23,598.2,598.2,598.21,1744.0
1490,2024-11-11 22:45:00,598.21,598.21,598.21,598.21,678.0
1491,2024-11-11 22:48:00,598.3,598.3,598.3,598.3,257.0
1492,2024-11-11 22:49:00,598.3,598.3,598.3,598.3,627.0
1493,2024-11-11 22:51:00,598.32,598.32,598.32,598.32,239.0
1494,2024-11-11 22:52:00,598.32,598.32,598.32,598.32,662.0
1495,2024-11-11 22:53:00,598.35,598.35,598.35,598.35,276.0
1496,2024-11-11 22:55:00,598.35,598.35,598.35,598.35,1046.0
1497,2024-11-11 22:56:00,598.35,598.35,598.35,598.35,484.0
1498,2024-11-11 22:58:00,598.35,598.35,598.35,598.35,330.0
1499,2024-11-11 22:59:00,598.38,598.38,598.38,598.39,2047.0
1500,2024-11-11 23:00:00,598.39,598.18,598.18,598.18,12136.0
1501,2024-11-11 23:01:00,598.24,598.24,598.24,598.24,1109.0
1502,2024-11-11 23:02:00,598.14,598.14,598.14,598.14,395.0
1503,2024-11-11 23:03:00,598.2,598.2,598.2,598.2,250.0
1504,2024-11-11 23:04:00,598.07,598.07,598.07,598.12,826.0
1505,2024-11-11 23:05:00,598.15,598.15,598.15,598.16,1011.0
1506,2024-11-11 23:06:00,598.19,598.19,598.19,598.2,1021.0
1507,2024-11-11 23:08:00,598.26,598.26,598.26,598.26,252.0
1508,2024-11-11 23:09:00,598.2201,598.2201,598.2201,598.2201,329.0
1509,2024-11-11 23:10:00,598.19,598.18,598.18,598.22,1020.0
1510,2024-11-11 23:11:00,598.26,598.26,598.26,598.27,1088.0
1511,2024-11-11 23:12:00,598.15,598.15,598.15,598.19,893.0
1512,2024-11-11 23:13:00,598.16,598.16,598.16,598.16,673.0
1513,2024-11-11 23:14:00,598.17,598.17,598.17,598.17,560.0
1514,2024-11-11 23:15:00,598.0302,598.03,598.03,598.03,743.0
1515,2024-11-11 23:18:00,598.1,598.1,598.1,598.1,442.0
1516,2024-11-11 23:20:00,598.17,598.17,598.17,598.17,262.0
1517,2024-11-11 23:21:00,598.2,598.2,598.2,598.2,717.0
1518,2024-11-11 23:23:00,598.24,598.24,598.24,598.25,1030.0
1519,2024-11-11 23:24:00,598.3,598.3,598.3,598.3,137.0
1520,2024-11-11 23:26:00,598.26,598.26,598.26,598.3061,680.0
1521,2024-11-11 23:29:00,598.31,598.31,598.31,598.31,694.0
1522,2024-11-11 23:32:00,598.25,598.25,598.25,598.2501,412.0
1523,2024-11-11 23:34:00,598.24,598.24,598.24,598.24,511.0
1524,2024-11-11 23:36:00,598.19,598.19,598.19,598.2,4577.0
1525,2024-11-11 23:37:00,598.0999,598.0999,598.0999,598.0999,407.0
1526,2024-11-11 23:38:00,598.1,598.1,598.1,598.1,286.0
1527,2024-11-11 23:41:00,598.15,598.15,598.15,598.15,273.0
1528,2024-11-11 23:42:00,598.1404,598.1404,598.1404,598.1404,199.0
1529,2024-11-11 23:45:00,598.2,598.2,598.2,598.2,149.0
1530,2024-11-11 23:46:00,598.16,598.16,598.16,598.16,461.0
1531,2024-11-11 23:48:00,598.11,598.06,598.06,598.06,810.0
1532,2024-11-11 23:49:00,598.07,598.07,598.07,598.07,237.0
1533,2024-11-11 23:53:00,598.21,598.21,598.21,598.21,891.0
1534,2024-11-11 23:55:00,598.25,598.25,598.25,598.25,330.0
1535,2024-11-11 23:56:00,598.26,598.26,598.26,598.26,590.0
1536,2024-11-11 23:58:00,598.23,598.23,598.23,598.26,726.0
1537,2024-11-11 23:59:00,598.271,598.271,598.271,598.271,328.0
1538,2024-11-12 00:01:00,598.31,598.31,598.31,598.31,137.0
1539,2024-11-12 00:03:00,598.34,598.34,598.34,598.34,1120.0
1540,2024-11-12 00:06:00,598.3,598.3,598.3,598.3,287.0
1541,2024-11-12 00:07:00,598.2604,598.22,598.22,598.22,473.0
1542,2024-11-12 00:08:00,598.2,598.2,598.2,598.2,446.0
1543,2024-11-12 00:11:00,598.15,598.15,598.15,598.16,820.0
1544,2024-11-12 00:12:00,598.14,598.14,598.14,598.14,335.0
1545,2024-11-12 00:13:00,598.12,598.12,598.12,598.24,902.0
1546,2024-11-12 00:15:00,598.3,598.22,598.22,598.22,1243.0
1547,2024-11-12 00:17:00,598.22,598.22,598.22,598.22,365.0
1548,2024-11-12 00:19:00,598.2,598.2,598.2,598.2,139.0
1549,2024-11-12 00:21:00,598.13,598.13,598.13,598.13,172.0
1550,2024-11-12 00:22:00,598.01,598.01,598.01,598.01,954.0
1551,2024-11-12 00:24:00,598.01,598.01,598.01,598.01,366.0
1552,2024-11-12 00:27:00,598.06,598.06,598.06,598.06,316.0
1553,2024-11-12 00:29:00,598.09,598.09,598.09,598.09,717.0
1554,2024-11-12 00:31:00,598.06,598.06,598.06,598.06,360.0
1555,2024-11-12 00:32:00,598.0,597.95,597.95,597.95,1247.0
1556,2024-11-12 00:33:00,597.9,597.9,597.9,597.9,379.0
1557,2024-11-12 00:34:00,597.94,597.94,597.94,597.94,420.0
1558,2024-11-12 00:35:00,598.04,598.04,598.04,598.09,1665.0
1559,2024-11-12 00:36:00,597.9999,597.9999,597.9999,597.9999,155.0
1560,2024-11-12 00:38:00,597.96,597.96,597.96,597.96,147.0
1561,2024-11-12 00:39:00,597.92,597.9198,597.9198,597.9198,420.0
1562,2024-11-12 00:41:00,597.8501,597.8501,597.8501,597.8501,155.0
1563,2024-11-12 00:42:00,597.84,597.82,597.82,597.88,2650.0
1564,2024-11-12 00:46:00,597.95,597.9,597.9,597.9,1052.0
1565,2024-11-12 00:48:00,597.97,597.97,597.97,597.97,950.0
1566,2024-11-12 00:49:00,597.9114,597.9114,597.9114,597.9114,238.0
1567,2024-11-12 00:50:00,597.97,597.97,597.97,597.97,171.0
1568,2024-11-12 00:51:00,597.98,597.97,597.97,597.97,1674.0
1569,2024-11-12 00:52:00,597.93,597.93,597.93,597.93,293.0
1570,2024-11-12 00:54:00,598.05,598.01,598.01,598.01,1763.0
1571,2024-11-12 00:55:00,598.05,598.05,598.05,598.05,233.0
1572,2024-11-12 00:56:00,598.02,598.0,598.0,598.0,21611.0
1573,2024-11-12 00:57:00,598.03,597.99,597.99,597.99,3538.0
1574,2024-11-12 00:59:00,598.0304,598.0304,598.0304,598.14,2458.0
